Step,Time,I,E,Q
189,0,-3.3979,3.5463,0
189,0.1,-3.3979,3.5463,0.0001
189,0.2,-3.3981,3.5448,0.0002
189,0.3,-3.3985,3.5445,0.0003
189,0.4,-3.3988,3.5432,0.0004
189,0.5,-3.399,3.5423,0.0005
189,0.6,-3.3991,3.5415,0.0006
189,0.7,-3.3992,3.5409,0.0007
189,0.8,-3.3992,3.5403,0.0008
189,0.9,-3.3993,3.5398,0.0008
189,1,-3.3993,3.5393,0.0009
189,1.1,-3.3993,3.5389,0.001
189,1.2,-3.3994,3.5384,0.0011
189,1.3,-3.3994,3.5381,0.0012
189,1.4,-3.3994,3.5377,0.0013
189,1.5,-3.3994,3.5373,0.0014
189,1.6,-3.3994,3.537,0.0015
189,1.7,-3.3994,3.5367,0.0016
189,1.8,-3.3994,3.5364,0.0017
189,1.9,-3.3995,3.5361,0.0018
189,2,-3.3995,3.5358,0.0019
189,2.1,-3.3995,3.5355,0.002
189,2.2,-3.3995,3.5353,0.0021
189,2.3,-3.3995,3.535,0.0022
189,2.4,-3.3995,3.5347,0.0023
189,2.5,-3.3995,3.5345,0.0024
189,2.6,-3.3995,3.5342,0.0025
189,2.7,-3.3995,3.534,0.0025
189,2.8,-3.3995,3.5337,0.0026
189,2.9,-3.3995,3.5336,0.0027
189,3,-3.3995,3.5333,0.0028
189,3.1,-3.3995,3.5331,0.0029
189,3.2,-3.3995,3.5329,0.003
189,3.3,-3.3995,3.5327,0.0031
189,3.4,-3.3995,3.5324,0.0032
189,3.5,-3.3995,3.5322,0.0033
189,3.6,-3.3996,3.532,0.0034
189,3.7,-3.3996,3.5318,0.0035
189,3.8,-3.3996,3.5316,0.0036
189,3.9,-3.3996,3.5314,0.0037
189,4,-3.3996,3.5312,0.0038
189,4.1,-3.3996,3.531,0.0039
189,4.2,-3.3996,3.5308,0.004
189,4.3,-3.3996,3.5306,0.0041
189,4.4,-3.3996,3.5304,0.0042
189,4.5,-3.3996,3.5302,0.0042
189,4.6,-3.3996,3.53,0.0043
189,4.7,-3.3996,3.5299,0.0044
189,4.8,-3.3996,3.5297,0.0045
189,4.9,-3.3996,3.5295,0.0046
189,5,-3.3996,3.5294,0.0047
189,5.1,-3.3996,3.5291,0.0048
189,5.2,-3.3996,3.529,0.0049
189,5.3,-3.3996,3.5288,0.005
189,5.4,-3.3996,3.5286,0.0051
189,5.5,-3.3996,3.5285,0.0052
189,5.6,-3.3996,3.5283,0.0053
189,5.7,-3.3996,3.5281,0.0054
189,5.8,-3.3996,3.528,0.0055
189,5.9,-3.3996,3.5278,0.0056
189,6,-3.3996,3.5276,0.0057
189,6.1,-3.3996,3.5275,0.0058
189,6.2,-3.3996,3.5273,0.0059
189,6.3,-3.3996,3.5272,0.0059
189,6.4,-3.3996,3.527,0.006
189,6.5,-3.3996,3.5269,0.0061
189,6.6,-3.3996,3.5267,0.0062
189,6.7,-3.3996,3.5265,0.0063
189,6.8,-3.3996,3.5264,0.0064
189,6.9,-3.3996,3.5262,0.0065
189,7,-3.3996,3.5261,0.0066
189,7.1,-3.3996,3.5259,0.0067
189,7.2,-3.3996,3.5258,0.0068
189,7.3,-3.3996,3.5256,0.0069
189,7.4,-3.3996,3.5255,0.007
189,7.5,-3.3996,3.5253,0.0071
189,7.6,-3.3996,3.5252,0.0072
189,7.7,-3.3996,3.5251,0.0073
189,7.8,-3.3996,3.5249,0.0074
189,7.9,-3.3996,3.5248,0.0075
189,8,-3.3996,3.5246,0.0076
189,8.1,-3.3996,3.5245,0.0076
189,8.2,-3.3996,3.5244,0.0077
189,8.3,-3.3996,3.5242,0.0078
189,8.4,-3.3996,3.5241,0.0079
189,8.5,-3.3997,3.5239,0.008
189,8.6,-3.3997,3.5238,0.0081
189,8.7,-3.3997,3.5237,0.0082
189,8.8,-3.3997,3.5235,0.0083
189,8.9,-3.3997,3.5234,0.0084
189,9,-3.3997,3.5233,0.0085
189,9.1,-3.3997,3.5231,0.0086
189,9.2,-3.3997,3.523,0.0087
189,9.3,-3.3997,3.5229,0.0088
189,9.4,-3.3997,3.5227,0.0089
189,9.5,-3.3997,3.5226,0.009
189,9.6,-3.3997,3.5225,0.0091
189,9.7,-3.3997,3.5223,0.0092
189,9.8,-3.3997,3.5222,0.0093
189,9.9,-3.3997,3.5221,0.0093
189,10,-3.3997,3.522,0.0094
189,10.1,-3.3997,3.5218,0.0095
189,10.2,-3.3997,3.5217,0.0096
189,10.3,-3.3997,3.5216,0.0097
189,10.4,-3.3997,3.5214,0.0098
189,10.5,-3.3997,3.5213,0.0099
189,10.6,-3.3997,3.5212,0.01
189,10.7,-3.3997,3.521,0.0101
189,10.8,-3.3997,3.5209,0.0102
189,10.9,-3.3997,3.5208,0.0103
189,11,-3.3997,3.5206,0.0104
189,11.1,-3.3997,3.5206,0.0105
189,11.2,-3.3997,3.5204,0.0106
189,11.3,-3.3997,3.5203,0.0107
189,11.4,-3.3997,3.5202,0.0108
189,11.5,-3.3997,3.52,0.0109
189,11.6,-3.3997,3.52,0.011
189,11.7,-3.3997,3.5198,0.011
189,11.8,-3.3997,3.5197,0.0111
189,11.9,-3.3997,3.5196,0.0112
189,12,-3.3997,3.5195,0.0113
189,12.1,-3.3997,3.5194,0.0114
189,12.2,-3.3997,3.5193,0.0115
189,12.3,-3.3997,3.5191,0.0116
189,12.4,-3.3997,3.519,0.0117
189,12.5,-3.3997,3.5189,0.0118
189,12.6,-3.3997,3.5188,0.0119
189,12.7,-3.3997,3.5187,0.012
189,12.8,-3.3997,3.5186,0.0121
189,12.9,-3.3997,3.5184,0.0122
189,13,-3.3997,3.5183,0.0123
189,13.1,-3.3997,3.5182,0.0124
189,13.2,-3.3997,3.5181,0.0125
189,13.3,-3.3997,3.518,0.0126
189,13.4,-3.3997,3.5179,0.0127
189,13.5,-3.3997,3.5177,0.0127
189,13.6,-3.3997,3.5176,0.0128
189,13.7,-3.3997,3.5175,0.0129
189,13.8,-3.3997,3.5175,0.013
189,13.9,-3.3997,3.5174,0.0131
189,14,-3.3997,3.5172,0.0132
189,14.1,-3.3997,3.5171,0.0133
189,14.2,-3.3997,3.517,0.0134
189,14.3,-3.3997,3.5169,0.0135
189,14.4,-3.3997,3.5168,0.0136
189,14.5,-3.3997,3.5167,0.0137
189,14.6,-3.3997,3.5165,0.0138
189,14.7,-3.3997,3.5165,0.0139
189,14.8,-3.3997,3.5163,0.014
189,14.9,-3.3997,3.5162,0.0141
189,15,-3.3997,3.5161,0.0142
189,15.1,-3.3997,3.516,0.0143
189,15.2,-3.3997,3.5159,0.0144
189,15.3,-3.3997,3.5158,0.0144
189,15.4,-3.3997,3.5157,0.0145
189,15.5,-3.3997,3.5156,0.0146
189,15.6,-3.3997,3.5155,0.0147
189,15.7,-3.3997,3.5154,0.0148
189,15.8,-3.3997,3.5153,0.0149
189,15.9,-3.3997,3.5152,0.015
189,16,-3.3997,3.5151,0.0151
189,16.1,-3.3997,3.515,0.0152
189,16.2,-3.3997,3.5149,0.0153
189,16.3,-3.3997,3.5148,0.0154
189,16.4,-3.3997,3.5147,0.0155
189,16.5,-3.3997,3.5146,0.0156
189,16.6,-3.3997,3.5145,0.0157
189,16.7,-3.3997,3.5144,0.0158
189,16.8,-3.3996,3.5143,0.0159
189,16.9,-3.3996,3.5142,0.016
189,17,-3.3996,3.5141,0.0161
189,17.1,-3.3996,3.514,0.0161
189,17.2,-3.3996,3.5139,0.0162
189,17.3,-3.3996,3.5138,0.0163
189,17.4,-3.3996,3.5137,0.0164
189,17.5,-3.3996,3.5136,0.0165
189,17.6,-3.3996,3.5135,0.0166
189,17.7,-3.3996,3.5134,0.0167
189,17.8,-3.3996,3.5133,0.0168
189,17.9,-3.3996,3.5132,0.0169
189,18,-3.3996,3.5131,0.017
190,18.001,0,3.635,0
190,18.1,0,3.635,0
190,18.2,0,3.6353,0
190,18.3,0,3.6364,0
190,18.4,0,3.6373,0
190,18.5,0,3.6381,0
190,18.6,0,3.6387,0
190,18.7,0,3.6392,0
190,18.8,0,3.6396,0
190,18.9,0,3.64,0
190,19,0,3.6404,0
190,19.1,0,3.6407,0
190,19.2,0,3.641,0
190,19.3,0,3.6413,0
190,19.4,0,3.6415,0
190,19.5,0,3.6418,0
190,19.6,0,3.642,0
190,19.7,0,3.6422,0
190,19.8,0,3.6425,0
190,19.9,0,3.6426,0
190,20,0,3.6428,0
190,20.1,0,3.643,0
190,20.2,0,3.6432,0
190,20.3,0,3.6434,0
190,20.4,0,3.6435,0
190,20.5,0,3.6437,0
190,20.6,0,3.6439,0
190,20.7,0,3.644,0
190,20.8,0,3.6441,0
190,20.9,0,3.6442,0
190,21,0,3.6444,0
190,21.1,0,3.6445,0
190,21.2,0,3.6446,0
190,21.3,0,3.6447,0
190,21.4,0,3.6449,0
190,21.5,0,3.6449,0
190,21.6,0,3.6451,0
190,21.7,0,3.6452,0
190,21.8,0,3.6453,0
190,21.9,0,3.6454,0
190,22,0,3.6455,0
190,22.1,0,3.6456,0
190,22.2,0,3.6457,0
190,22.3,0,3.6458,0
190,22.4,0,3.6459,0
190,22.5,0,3.646,0
190,22.6,0,3.6461,0
190,22.7,0,3.6462,0
190,22.8,0,3.6462,0
190,22.9,0,3.6463,0
190,23,0,3.6464,0
190,23.1,0,3.6465,0
190,23.2,0,3.6466,0
190,23.3,0,3.6467,0
190,23.4,0,3.6467,0
190,23.5,0,3.6468,0
190,23.6,0,3.6469,0
190,23.7,0,3.647,0
190,23.8,0,3.647,0
190,23.9,0,3.6471,0
190,24,0,3.6472,0
190,24.1,0,3.6473,0
190,24.2,0,3.6473,0
190,24.3,0,3.6474,0
190,24.4,0,3.6475,0
190,24.5,0,3.6475,0
190,24.6,0,3.6476,0
190,24.7,0,3.6477,0
190,24.8,0,3.6478,0
190,24.9,0,3.6478,0
190,25,0,3.6478,0
190,25.1,0,3.6479,0
190,25.2,0,3.648,0
190,25.3,0,3.648,0
190,25.4,0,3.6481,0
190,25.5,0,3.6482,0
190,25.6,0,3.6482,0
190,25.7,0,3.6483,0
190,25.8,0,3.6483,0
190,25.9,0,3.6484,0
190,26,0,3.6484,0
190,26.1,0,3.6485,0
190,26.2,0,3.6486,0
190,26.3,0,3.6486,0
190,26.4,0,3.6487,0
190,26.5,0,3.6487,0
190,26.6,0,3.6488,0
190,26.7,0,3.6488,0
190,26.8,0,3.6489,0
190,26.9,0,3.6489,0
190,27,0,3.649,0
190,27.1,0,3.6491,0
190,27.2,0,3.6491,0
190,27.3,0,3.6492,0
190,27.4,0,3.6492,0
190,27.5,0,3.6493,0
190,27.6,0,3.6493,0
190,27.7,0,3.6494,0
190,27.8,0,3.6495,0
190,27.9,0,3.6495,0
190,28,0,3.6496,0
190,28.1,0,3.6496,0
190,28.2,0,3.6497,0
190,28.3,0,3.6497,0
190,28.4,0,3.6497,0
190,28.5,0,3.6498,0
190,28.6,0,3.6498,0
190,28.7,0,3.6499,0
190,28.8,0,3.6499,0
190,28.9,0,3.65,0
190,29,0,3.65,0
190,29.1,0,3.6501,0
190,29.2,0,3.6501,0
190,29.3,0,3.6502,0
190,29.4,0,3.6502,0
190,29.5,0,3.6502,0
190,29.6,0,3.6502,0
190,29.7,0,3.6503,0
190,29.8,0,3.6503,0
190,29.9,0,3.6503,0
190,30,0,3.6504,0
190,30.1,0,3.6505,0
190,30.2,0,3.6505,0
190,30.3,0,3.6505,0
190,30.4,0,3.6506,0
190,30.5,0,3.6507,0
190,30.6,0,3.6507,0
190,30.7,0,3.6507,0
190,30.8,0,3.6507,0
190,30.9,0,3.6507,0
190,31,0,3.6508,0
190,31.1,0,3.6508,0
190,31.2,0,3.6509,0
190,31.3,0,3.6509,0
190,31.4,0,3.651,0
190,31.5,0,3.651,0
190,31.6,0,3.651,0
190,31.7,0,3.6511,0
190,31.8,0,3.6511,0
190,31.9,0,3.6512,0
190,32,0,3.6512,0
190,32.1,0,3.6512,0
190,32.2,0,3.6512,0
190,32.3,0,3.6513,0
190,32.4,0,3.6513,0
190,32.5,0,3.6514,0
190,32.6,0,3.6514,0
190,32.7,0,3.6514,0
190,32.8,0,3.6515,0
190,32.9,0,3.6516,0
190,33,0,3.6516,0
190,33.1,0,3.6516,0
190,33.2,0,3.6516,0
190,33.3,0,3.6517,0
190,33.4,0,3.6517,0
190,33.5,0,3.6518,0
190,33.6,0,3.6518,0
190,33.7,0,3.6519,0
190,33.8,0,3.6519,0
190,33.9,0,3.6519,0
190,34,0,3.6519,0
190,34.1,0,3.652,0
190,34.2,0,3.652,0
190,34.3,0,3.652,0
190,34.4,0,3.6521,0
190,34.5,0,3.6521,0
190,34.6,0,3.6521,0
190,34.7,0,3.6522,0
190,34.8,0,3.6522,0
190,34.9,0,3.6522,0
190,35,0,3.6523,0
190,35.1,0,3.6523,0
190,35.2,0,3.6523,0
190,35.3,0,3.6524,0
190,35.4,0,3.6524,0
190,35.5,0,3.6524,0
190,35.6,0,3.6524,0
190,35.7,0,3.6524,0
190,35.8,0,3.6525,0
190,35.9,0,3.6525,0
190,36,0,3.6525,0
190,36.1,0,3.6525,0
190,36.2,0,3.6526,0
190,36.3,0,3.6526,0
190,36.4,0,3.6527,0
190,36.5,0,3.6527,0
190,36.6,0,3.6527,0
190,36.7,0,3.6527,0
190,36.8,0,3.6527,0
190,36.9,0,3.6527,0
190,37,0,3.6528,0
190,37.1,0,3.6528,0
190,37.2,0,3.6529,0
190,37.3,0,3.6529,0
190,37.4,0,3.6529,0
190,37.5,0,3.6529,0
190,37.6,0,3.653,0
190,37.7,0,3.653,0
190,37.8,0,3.6531,0
190,37.9,0,3.6531,0
190,38,0,3.6531,0
190,38.1,0,3.6531,0
190,38.2,0,3.6532,0
190,38.3,0,3.6532,0
190,38.4,0,3.6532,0
190,38.5,0,3.6532,0
190,38.6,0,3.6532,0
190,38.7,0,3.6533,0
190,38.8,0,3.6533,0
190,38.9,0,3.6533,0
190,39,0,3.6533,0
190,39.1,0,3.6533,0
190,39.2,0,3.6534,0
190,39.3,0,3.6534,0
190,39.4,0,3.6534,0
190,39.5,0,3.6535,0
190,39.6,0,3.6535,0
190,39.7,0,3.6535,0
190,39.8,0,3.6536,0
190,39.9,0,3.6536,0
190,40,0,3.6536,0
190,40.1,0,3.6536,0
190,40.2,0,3.6537,0
190,40.3,0,3.6537,0
190,40.4,0,3.6537,0
190,40.5,0,3.6537,0
190,40.6,0,3.6537,0
190,40.7,0,3.6538,0
190,40.8,0,3.6538,0
190,40.9,0,3.6539,0
190,41,0,3.6539,0
190,41.1,0,3.6539,0
190,41.2,0,3.654,0
190,41.3,0,3.654,0
190,41.4,0,3.654,0
190,41.5,0,3.654,0
190,41.6,0,3.6541,0
190,41.7,0,3.6541,0
190,41.8,0,3.6541,0
190,41.9,0,3.6541,0
190,42,0,3.6541,0
190,42.1,0,3.6542,0
190,42.2,0,3.6542,0
190,42.3,0,3.6542,0
190,42.4,0,3.6542,0
190,42.5,0,3.6543,0
190,42.6,0,3.6543,0
190,42.7,0,3.6543,0
190,42.8,0,3.6543,0
190,42.9,0,3.6544,0
190,43,0,3.6544,0
190,43.1,0,3.6544,0
190,43.2,0,3.6544,0
190,43.3,0,3.6544,0
190,43.4,0,3.6545,0
190,43.5,0,3.6545,0
190,43.6,0,3.6545,0
190,43.7,0,3.6545,0
190,43.8,0,3.6545,0
190,43.9,0,3.6546,0
190,44,0,3.6546,0
190,44.1,0,3.6546,0
190,44.2,0,3.6546,0
190,44.3,0,3.6546,0
190,44.4,0,3.6546,0
190,44.5,0,3.6547,0
190,44.6,0,3.6547,0
190,44.7,0,3.6547,0
190,44.8,0,3.6547,0
190,44.9,0,3.6547,0
190,45,0,3.6547,0
190,45.1,0,3.6548,0
190,45.2,0,3.6548,0
190,45.3,0,3.6548,0
190,45.4,0,3.6548,0
190,45.5,0,3.6549,0
190,45.6,0,3.6549,0
190,45.7,0,3.6549,0
190,45.8,0,3.6549,0
190,45.9,0,3.6549,0
190,46,0,3.6549,0
190,46.1,0,3.655,0
190,46.2,0,3.655,0
190,46.3,0,3.6551,0
190,46.4,0,3.655,0
190,46.5,0,3.655,0
190,46.6,0,3.6551,0
190,46.7,0,3.6551,0
190,46.8,0,3.6551,0
190,46.9,0,3.6552,0
190,47,0,3.6551,0
190,47.1,0,3.6551,0
190,47.2,0,3.6552,0
190,47.3,0,3.6552,0
190,47.4,0,3.6552,0
190,47.5,0,3.6553,0
190,47.6,0,3.6553,0
190,47.7,0,3.6553,0
190,47.8,0,3.6553,0
190,47.9,0,3.6553,0
190,48,0,3.6553,0
190,48.1,0,3.6554,0
190,48.2,0,3.6554,0
190,48.3,0,3.6554,0
190,48.4,0,3.6554,0
190,48.5,0,3.6554,0
190,48.6,0,3.6554,0
190,48.7,0,3.6555,0
190,48.8,0,3.6555,0
190,48.9,0,3.6555,0
190,49,0,3.6555,0
190,49.1,0,3.6556,0
190,49.2,0,3.6556,0
190,49.3,0,3.6556,0
190,49.4,0,3.6556,0
190,49.5,0,3.6556,0
190,49.6,0,3.6556,0
190,49.7,0,3.6557,0
190,49.8,0,3.6557,0
190,49.9,0,3.6557,0
190,50,0,3.6557,0
190,50.1,0,3.6557,0
190,50.2,0,3.6557,0
190,50.3,0,3.6557,0
190,50.4,0,3.6558,0
190,50.5,0,3.6558,0
190,50.6,0,3.6558,0
190,50.7,0,3.6558,0
190,50.8,0,3.6558,0
190,50.9,0,3.6558,0
190,51,0,3.6559,0
190,51.1,0,3.6559,0
190,51.2,0,3.6559,0
190,51.3,0,3.6559,0
190,51.4,0,3.6559,0
190,51.5,0,3.6559,0
190,51.6,0,3.6559,0
190,51.7,0,3.6559,0
190,51.8,0,3.6559,0
190,51.9,0,3.6559,0
190,52,0,3.656,0
190,52.1,0,3.656,0
190,52.2,0,3.656,0
190,52.3,0,3.656,0
190,52.4,0,3.656,0
190,52.5,0,3.656,0
190,52.6,0,3.656,0
190,52.7,0,3.656,0
190,52.8,0,3.656,0
190,52.9,0,3.656,0
190,53,0,3.6561,0
190,53.1,0,3.6561,0
190,53.2,0,3.6561,0
190,53.3,0,3.6561,0
190,53.4,0,3.6561,0
190,53.5,0,3.6562,0
190,53.6,0,3.6561,0
190,53.7,0,3.6562,0
190,53.8,0,3.6562,0
190,53.9,0,3.6562,0
190,54,0,3.6563,0
190,54.1,0,3.6562,0
190,54.2,0,3.6562,0
190,54.3,0,3.6563,0
190,54.4,0,3.6563,0
190,54.5,0,3.6563,0
190,54.6,0,3.6563,0
190,54.7,0,3.6563,0
190,54.8,0,3.6564,0
190,54.9,0,3.6564,0
190,55,0,3.6564,0
190,55.1,0,3.6564,0
190,55.2,0,3.6564,0
190,55.3,0,3.6564,0
190,55.4,0,3.6564,0
190,55.5,0,3.6565,0
190,55.6,0,3.6565,0
190,55.7,0,3.6565,0
190,55.8,0,3.6565,0
190,55.9,0,3.6565,0
190,56,0,3.6565,0
190,56.1,0,3.6565,0
190,56.2,0,3.6565,0
190,56.3,0,3.6565,0
190,56.4,0,3.6566,0
190,56.5,0,3.6566,0
190,56.6,0,3.6566,0
190,56.7,0,3.6566,0
190,56.8,0,3.6566,0
190,56.9,0,3.6566,0
190,57,0,3.6567,0
190,57.1,0,3.6567,0
190,57.2,0,3.6567,0
190,57.3,0,3.6567,0
190,57.4,0,3.6567,0
190,57.5,0,3.6567,0
190,57.6,0,3.6567,0
190,57.7,0,3.6567,0
190,57.8,0,3.6568,0
190,57.9,0,3.6568,0
190,58,0,3.6567,0
190,58.1,0,3.6568,0
190,58.2,0,3.6569,0
190,58.3,0,3.6568,0
190,58.4,0,3.6568,0
190,58.5,0,3.6568,0
190,58.6,0,3.6568,0
190,58.7,0,3.6569,0
190,58.8,0,3.6569,0
190,58.9,0,3.6569,0
190,59,0,3.6569,0
190,59.1,0,3.6569,0
190,59.2,0,3.6569,0
190,59.3,0,3.6569,0
190,59.4,0,3.6569,0
190,59.5,0,3.6569,0
190,59.6,0,3.6569,0
190,59.7,0,3.657,0
190,59.8,0,3.657,0
190,59.9,0,3.657,0
190,60,0,3.657,0
190,60.1,0,3.657,0
190,60.2,0,3.657,0
190,60.3,0,3.657,0
190,60.4,0,3.657,0
190,60.5,0,3.6571,0
190,60.6,0,3.6571,0
190,60.7,0,3.6571,0
190,60.8,0,3.6571,0
190,60.9,0,3.6571,0
190,61,0,3.6571,0
190,61.1,0,3.6571,0
190,61.2,0,3.6571,0
190,61.3,0,3.6571,0
190,61.4,0,3.6572,0
190,61.5,0,3.6572,0
190,61.6,0,3.6572,0
190,61.7,0,3.6572,0
190,61.8,0,3.6572,0
190,61.9,0,3.6572,0
190,62,0,3.6573,0
190,62.1,0,3.6572,0
190,62.2,0,3.6573,0
190,62.3,0,3.6573,0
190,62.4,0,3.6573,0
190,62.5,0,3.6573,0
190,62.6,0,3.6573,0
190,62.7,0,3.6573,0
190,62.8,0,3.6573,0
190,62.9,0,3.6573,0
190,63,0,3.6573,0
190,63.1,0,3.6573,0
190,63.2,0,3.6573,0
190,63.3,0,3.6573,0
190,63.4,0,3.6573,0
190,63.5,0,3.6573,0
190,63.6,0,3.6573,0
190,63.7,0,3.6574,0
190,63.8,0,3.6574,0
190,63.9,0,3.6574,0
190,64,0,3.6574,0
190,64.1,0,3.6574,0
190,64.2,0,3.6574,0
190,64.3,0,3.6575,0
190,64.4,0,3.6575,0
190,64.5,0,3.6574,0
190,64.6,0,3.6575,0
190,64.7,0,3.6575,0
190,64.8,0,3.6575,0
190,64.9,0,3.6575,0
190,65,0,3.6575,0
190,65.1,0,3.6575,0
190,65.2,0,3.6575,0
190,65.3,0,3.6575,0
190,65.4,0,3.6576,0
190,65.5,0,3.6576,0
190,65.6,0,3.6576,0
190,65.7,0,3.6576,0
190,65.8,0,3.6576,0
190,65.9,0,3.6576,0
190,66,0,3.6577,0
190,66.1,0,3.6577,0
190,66.2,0,3.6577,0
190,66.3,0,3.6577,0
190,66.4,0,3.6577,0
190,66.5,0,3.6577,0
190,66.6,0,3.6577,0
190,66.7,0,3.6577,0
190,66.8,0,3.6578,0
190,66.9,0,3.6578,0
190,67,0,3.6578,0
190,67.1,0,3.6578,0
190,67.2,0,3.6578,0
190,67.3,0,3.6578,0
190,67.4,0,3.6578,0
190,67.5,0,3.6578,0
190,67.6,0,3.6578,0
190,67.7,0,3.6578,0
190,67.8,0,3.6579,0
190,67.9,0,3.6579,0
190,68,0,3.6579,0
190,68.1,0,3.6579,0
190,68.2,0,3.6579,0
190,68.3,0,3.6579,0
190,68.4,0,3.6579,0
190,68.5,0,3.6579,0
190,68.6,0,3.6579,0
190,68.7,0,3.6579,0
190,68.8,0,3.658,0
190,68.9,0,3.658,0
190,69,0,3.658,0
190,69.1,0,3.658,0
190,69.2,0,3.658,0
190,69.3,0,3.658,0
190,69.4,0,3.658,0
190,69.5,0,3.658,0
190,69.6,0,3.658,0
190,69.7,0,3.658,0
190,69.8,0,3.658,0
190,69.9,0,3.658,0
190,70,0,3.658,0
190,70.1,0,3.658,0
190,70.2,0,3.658,0
190,70.3,0,3.658,0
190,70.4,0,3.658,0
190,70.5,0,3.6581,0
190,70.6,0,3.6581,0
190,70.7,0,3.6581,0
190,70.8,0,3.6581,0
190,70.9,0,3.6581,0
190,71,0,3.6581,0
190,71.1,0,3.6581,0
190,71.2,0,3.6581,0
190,71.3,0,3.6581,0
190,71.4,0,3.6581,0
190,71.5,0,3.6582,0
190,71.6,0,3.6582,0
190,71.7,0,3.6581,0
190,71.8,0,3.6581,0
190,71.9,0,3.6582,0
190,72,0,3.6582,0
190,72.1,0,3.6582,0
190,72.2,0,3.6582,0
190,72.3,0,3.6582,0
190,72.4,0,3.6582,0
190,72.5,0,3.6582,0
190,72.6,0,3.6582,0
190,72.7,0,3.6582,0
190,72.8,0,3.6582,0
190,72.9,0,3.6582,0
190,73,0,3.6582,0
190,73.1,0,3.6583,0
190,73.2,0,3.6583,0
190,73.3,0,3.6583,0
190,73.4,0,3.6583,0
190,73.5,0,3.6583,0
190,73.6,0,3.6583,0
190,73.7,0,3.6583,0
190,73.8,0,3.6583,0
190,73.9,0,3.6583,0
190,74,0,3.6583,0
190,74.1,0,3.6584,0
190,74.2,0,3.6584,0
190,74.3,0,3.6584,0
190,74.4,0,3.6584,0
190,74.5,0,3.6584,0
190,74.6,0,3.6584,0
190,74.7,0,3.6584,0
190,74.8,0,3.6584,0
190,74.9,0,3.6584,0
190,75,0,3.6585,0
190,75.1,0,3.6585,0
190,75.2,0,3.6585,0
190,75.3,0,3.6585,0
190,75.4,0,3.6585,0
190,75.5,0,3.6584,0
190,75.6,0,3.6585,0
190,75.7,0,3.6585,0
190,75.8,0,3.6585,0
190,75.9,0,3.6585,0
190,76,0,3.6585,0
190,76.1,0,3.6585,0
190,76.2,0,3.6585,0
190,76.3,0,3.6585,0
190,76.4,0,3.6585,0
190,76.5,0,3.6585,0
190,76.6,0,3.6585,0
190,76.7,0,3.6585,0
190,76.8,0,3.6585,0
190,76.9,0,3.6585,0
190,77,0,3.6586,0
190,77.1,0,3.6585,0
190,77.2,0,3.6586,0
190,77.3,0,3.6586,0
190,77.4,0,3.6586,0
190,77.5,0,3.6586,0
190,77.6,0,3.6586,0
190,77.7,0,3.6586,0
190,77.8,0,3.6586,0
190,77.9,0,3.6587,0
190,78,0,3.6587,0
190,78.1,0,3.6587,0
190,78.2,0,3.6587,0
190,78.3,0,3.6587,0
190,78.4,0,3.6587,0
190,78.5,0,3.6587,0
190,78.6,0,3.6587,0
190,78.7,0,3.6587,0
190,78.8,0,3.6586,0
190,78.9,0,3.6587,0
190,79,0,3.6587,0
190,79.1,0,3.6587,0
190,79.2,0,3.6587,0
190,79.3,0,3.6587,0
190,79.4,0,3.6587,0
190,79.5,0,3.6587,0
190,79.6,0,3.6587,0
190,79.7,0,3.6587,0
190,79.8,0,3.6587,0
190,79.9,0,3.6588,0
190,80,0,3.6588,0
190,80.1,0,3.6587,0
190,80.2,0,3.6587,0
190,80.3,0,3.6588,0
190,80.4,0,3.6588,0
190,80.5,0,3.6588,0
190,80.6,0,3.6588,0
190,80.7,0,3.6588,0
190,80.8,0,3.6588,0
190,80.9,0,3.6587,0
190,81,0,3.6588,0
190,81.1,0,3.6588,0
190,81.2,0,3.6588,0
190,81.3,0,3.6588,0
190,81.4,0,3.6588,0
190,81.5,0,3.6588,0
190,81.6,0,3.6588,0
190,81.7,0,3.6588,0
190,81.8,0,3.6588,0
190,81.9,0,3.6589,0
190,82,0,3.6589,0
190,82.1,0,3.6589,0
190,82.2,0,3.6589,0
190,82.3,0,3.6589,0
190,82.4,0,3.6589,0
190,82.5,0,3.6589,0
190,82.6,0,3.6589,0
190,82.7,0,3.6589,0
190,82.8,0,3.6589,0
190,82.9,0,3.6589,0
190,83,0,3.6589,0
190,83.1,0,3.659,0
190,83.2,0,3.659,0
190,83.3,0,3.659,0
190,83.4,0,3.659,0
190,83.5,0,3.659,0
190,83.6,0,3.659,0
190,83.7,0,3.659,0
190,83.8,0,3.659,0
190,83.9,0,3.659,0
190,84,0,3.659,0
190,84.1,0,3.659,0
190,84.2,0,3.659,0
190,84.3,0,3.659,0
190,84.4,0,3.659,0
190,84.5,0,3.659,0
190,84.6,0,3.659,0
190,84.7,0,3.659,0
190,84.8,0,3.659,0
190,84.9,0,3.659,0
190,85,0,3.659,0
190,85.1,0,3.659,0
190,85.2,0,3.659,0
190,85.3,0,3.659,0
190,85.4,0,3.659,0
190,85.5,0,3.659,0
190,85.6,0,3.6591,0
190,85.7,0,3.6591,0
190,85.8,0,3.6591,0
190,85.9,0,3.6591,0
190,86,0,3.6591,0
190,86.1,0,3.6591,0
190,86.2,0,3.6591,0
190,86.3,0,3.6591,0
190,86.4,0,3.6591,0
190,86.5,0,3.6591,0
190,86.6,0,3.6591,0
190,86.7,0,3.6591,0
190,86.8,0,3.6591,0
190,86.9,0,3.6592,0
190,87,0,3.6592,0
190,87.1,0,3.6591,0
190,87.2,0,3.6592,0
190,87.3,0,3.6592,0
190,87.4,0,3.6592,0
190,87.5,0,3.6592,0
190,87.6,0,3.6592,0
190,87.7,0,3.6592,0
190,87.8,0,3.6592,0
190,87.9,0,3.6592,0
190,88,0,3.6592,0
190,88.1,0,3.6592,0
190,88.2,0,3.6592,0
190,88.3,0,3.6592,0
190,88.4,0,3.6592,0
190,88.5,0,3.6593,0
190,88.6,0,3.6593,0
190,88.7,0,3.6593,0
190,88.8,0,3.6593,0
190,88.9,0,3.6593,0
190,89,0,3.6593,0
190,89.1,0,3.6593,0
190,89.2,0,3.6593,0
190,89.3,0,3.6593,0
190,89.4,0,3.6593,0
190,89.5,0,3.6593,0
190,89.6,0,3.6593,0
190,89.7,0,3.6593,0
190,89.8,0,3.6593,0
190,89.9,0,3.6593,0
190,90,0,3.6593,0
190,90.1,0,3.6594,0
190,90.2,0,3.6593,0
190,90.3,0,3.6593,0
190,90.4,0,3.6593,0
190,90.5,0,3.6593,0
190,90.6,0,3.6593,0
190,90.7,0,3.6593,0
190,90.8,0,3.6593,0
190,90.9,0,3.6593,0
190,91,0,3.6593,0
190,91.1,0,3.6594,0
190,91.2,0,3.6594,0
190,91.3,0,3.6594,0
190,91.4,0,3.6594,0
190,91.5,0,3.6594,0
190,91.6,0,3.6594,0
190,91.7,0,3.6594,0
190,91.8,0,3.6594,0
190,91.9,0,3.6594,0
190,92,0,3.6594,0
190,92.1,0,3.6594,0
190,92.2,0,3.6594,0
190,92.3,0,3.6594,0
190,92.4,0,3.6594,0
190,92.5,0,3.6595,0
190,92.6,0,3.6594,0
190,92.7,0,3.6594,0
190,92.8,0,3.6594,0
190,92.9,0,3.6595,0
190,93,0,3.6595,0
190,93.1,0,3.6595,0
190,93.2,0,3.6594,0
190,93.3,0,3.6594,0
190,93.4,0,3.6595,0
190,93.5,0,3.6595,0
190,93.6,0,3.6595,0
190,93.7,0,3.6595,0
190,93.8,0,3.6595,0
190,93.9,0,3.6595,0
190,94,0,3.6596,0
190,94.1,0,3.6595,0
190,94.2,0,3.6595,0
190,94.3,0,3.6595,0
190,94.4,0,3.6595,0
190,94.5,0,3.6595,0
190,94.6,0,3.6595,0
190,94.7,0,3.6595,0
190,94.8,0,3.6595,0
190,94.9,0,3.6596,0
190,95,0,3.6596,0
190,95.1,0,3.6596,0
190,95.2,0,3.6595,0
190,95.3,0,3.6596,0
190,95.4,0,3.6596,0
190,95.5,0,3.6596,0
190,95.6,0,3.6596,0
190,95.7,0,3.6596,0
190,95.8,0,3.6596,0
190,95.9,0,3.6596,0
190,96,0,3.6596,0
190,96.1,0,3.6596,0
190,96.2,0,3.6596,0
190,96.3,0,3.6596,0
190,96.4,0,3.6597,0
190,96.5,0,3.6596,0
190,96.6,0,3.6596,0
190,96.7,0,3.6596,0
190,96.8,0,3.6596,0
190,96.9,0,3.6596,0
190,97,0,3.6596,0
190,97.1,0,3.6596,0
190,97.2,0,3.6596,0
190,97.3,0,3.6596,0
190,97.4,0,3.6596,0
190,97.5,0,3.6596,0
190,97.6,0,3.6596,0
190,97.7,0,3.6597,0
190,97.8,0,3.6597,0
190,97.9,0,3.6597,0
190,98,0,3.6597,0
190,98.1,0,3.6597,0
190,98.2,0,3.6597,0
190,98.3,0,3.6597,0
190,98.4,0,3.6597,0
190,98.5,0,3.6597,0
190,98.6,0,3.6597,0
190,98.7,0,3.6597,0
190,98.8,0,3.6597,0
190,98.9,0,3.6597,0
190,99,0,3.6597,0
190,99.1,0,3.6597,0
190,99.2,0,3.6597,0
190,99.3,0,3.6597,0
190,99.4,0,3.6597,0
190,99.5,0,3.6597,0
190,99.6,0,3.6597,0
190,99.7,0,3.6598,0
190,99.8,0,3.6597,0
190,99.9,0,3.6597,0
190,100,0,3.6597,0
190,100.1,0,3.6597,0
190,100.2,0,3.6597,0
190,100.3,0,3.6598,0
190,100.4,0,3.6597,0
190,100.5,0,3.6597,0
190,100.6,0,3.6598,0
190,100.7,0,3.6598,0
190,100.8,0,3.6598,0
190,100.9,0,3.6597,0
190,101,0,3.6598,0
190,101.1,0,3.6597,0
190,101.2,0,3.6598,0
190,101.3,0,3.6598,0
190,101.4,0,3.6597,0
190,101.5,0,3.6598,0
190,101.6,0,3.6598,0
190,101.7,0,3.6598,0
190,101.8,0,3.6598,0
190,101.9,0,3.6598,0
190,102,0,3.6598,0
190,102.1,0,3.6597,0
190,102.2,0,3.6598,0
190,102.3,0,3.6598,0
190,102.4,0,3.6598,0
190,102.5,0,3.6598,0
190,102.6,0,3.6598,0
190,102.7,0,3.6598,0
190,102.8,0,3.6598,0
190,102.9,0,3.6598,0
190,103,0,3.6598,0
190,103.1,0,3.6599,0
190,103.2,0,3.6599,0
190,103.3,0,3.6599,0
190,103.4,0,3.6599,0
190,103.5,0,3.6599,0
190,103.6,0,3.6599,0
190,103.7,0,3.6599,0
190,103.8,0,3.6599,0
190,103.9,0,3.6599,0
190,104,0,3.6599,0
190,104.1,0,3.6599,0
190,104.2,0,3.6599,0
190,104.3,0,3.6599,0
190,104.4,0,3.6599,0
190,104.5,0,3.6599,0
190,104.6,0,3.6599,0
190,104.7,0,3.6599,0
190,104.8,0,3.6599,0
190,104.9,0,3.6599,0
190,105,0,3.6599,0
190,105.1,0,3.66,0
190,105.2,0,3.66,0
190,105.3,0,3.6599,0
190,105.4,0,3.66,0
190,105.5,0,3.66,0
190,105.6,0,3.66,0
190,105.7,0,3.66,0
190,105.8,0,3.66,0
190,105.9,0,3.66,0
190,106,0,3.66,0
190,106.1,0,3.6599,0
190,106.2,0,3.6599,0
190,106.3,0,3.6599,0
190,106.4,0,3.6599,0
190,106.5,0,3.6599,0
190,106.6,0,3.66,0
190,106.7,0,3.66,0
190,106.8,0,3.66,0
190,106.9,0,3.6599,0
190,107,0,3.6599,0
190,107.1,0,3.66,0
190,107.2,0,3.66,0
190,107.3,0,3.66,0
190,107.4,0,3.66,0
190,107.5,0,3.66,0
190,107.6,0,3.66,0
190,107.7,0,3.66,0
190,107.8,0,3.6601,0
190,107.9,0,3.66,0
190,108,0,3.66,0
190,108.1,0,3.6601,0
190,108.2,0,3.6601,0
190,108.3,0,3.66,0
190,108.4,0,3.66,0
190,108.5,0,3.66,0
190,108.6,0,3.66,0
190,108.7,0,3.66,0
190,108.8,0,3.66,0
190,108.9,0,3.66,0
190,109,0,3.66,0
190,109.1,0,3.6601,0
190,109.2,0,3.6601,0
190,109.3,0,3.6601,0
190,109.4,0,3.6601,0
190,109.5,0,3.66,0
190,109.6,0,3.66,0
190,109.7,0,3.6601,0
190,109.8,0,3.6601,0
190,109.9,0,3.6601,0
190,110,0,3.6601,0
190,110.1,0,3.6601,0
190,110.2,0,3.6601,0
190,110.3,0,3.6601,0
190,110.4,0,3.6601,0
190,110.5,0,3.6601,0
190,110.6,0,3.6601,0
190,110.7,0,3.6601,0
190,110.8,0,3.6601,0
190,110.9,0,3.6601,0
190,111,0,3.6601,0
190,111.1,0,3.6601,0
190,111.2,0,3.6601,0
190,111.3,0,3.6601,0
190,111.4,0,3.6602,0
190,111.5,0,3.6602,0
190,111.6,0,3.6602,0
190,111.7,0,3.6602,0
190,111.8,0,3.6602,0
190,111.9,0,3.6602,0
190,112,0,3.6602,0
190,112.1,0,3.6602,0
190,112.2,0,3.6601,0
190,112.3,0,3.6601,0
190,112.4,0,3.6601,0
190,112.5,0,3.6601,0
190,112.6,0,3.6601,0
190,112.7,0,3.6601,0
190,112.8,0,3.6601,0
190,112.9,0,3.6601,0
190,113,0,3.6602,0
190,113.1,0,3.6602,0
190,113.2,0,3.6602,0
190,113.3,0,3.6602,0
190,113.4,0,3.6602,0
190,113.5,0,3.6602,0
190,113.6,0,3.6602,0
190,113.7,0,3.6602,0
190,113.8,0,3.6602,0
190,113.9,0,3.6602,0
190,114,0,3.6602,0
190,114.1,0,3.6602,0
190,114.2,0,3.6602,0
190,114.3,0,3.6602,0
190,114.4,0,3.6602,0
190,114.5,0,3.6602,0
190,114.6,0,3.6602,0
190,114.7,0,3.6602,0
190,114.8,0,3.6602,0
190,114.9,0,3.6602,0
190,115,0,3.6602,0
190,115.1,0,3.6602,0
190,115.2,0,3.6602,0
190,115.3,0,3.6602,0
190,115.4,0,3.6602,0
190,115.5,0,3.6603,0
190,115.6,0,3.6602,0
190,115.7,0,3.6602,0
190,115.8,0,3.6602,0
190,115.9,0,3.6602,0
190,116,0,3.6602,0
190,116.1,0,3.6603,0
190,116.2,0,3.6603,0
190,116.3,0,3.6602,0
190,116.4,0,3.6602,0
190,116.5,0,3.6602,0
190,116.6,0,3.6603,0
190,116.7,0,3.6603,0
190,116.8,0,3.6603,0
190,116.9,0,3.6603,0
190,117,0,3.6603,0
190,117.1,0,3.6603,0
190,117.2,0,3.6603,0
190,117.3,0,3.6603,0
190,117.4,0,3.6603,0
190,117.5,0,3.6603,0
190,117.6,0,3.6603,0
190,117.7,0,3.6603,0
190,117.8,0,3.6603,0
190,117.9,0,3.6603,0
190,118,0,3.6603,0
190,118.1,0,3.6603,0
190,118.2,0,3.6602,0
190,118.3,0,3.6603,0
190,118.4,0,3.6603,0
190,118.5,0,3.6603,0
190,118.6,0,3.6603,0
190,118.7,0,3.6603,0
190,118.8,0,3.6603,0
190,118.9,0,3.6603,0
190,119,0,3.6603,0
190,119.1,0,3.6604,0
190,119.2,0,3.6603,0
190,119.3,0,3.6603,0
190,119.4,0,3.6603,0
190,119.5,0,3.6603,0
190,119.6,0,3.6603,0
190,119.7,0,3.6603,0
190,119.8,0,3.6603,0
190,119.9,0,3.6603,0
190,120,0,3.6603,0
190,120.1,0,3.6603,0
190,120.2,0,3.6603,0
190,120.3,0,3.6603,0
190,120.4,0,3.6603,0
190,120.5,0,3.6603,0
190,120.6,0,3.6603,0
190,120.7,0,3.6603,0
190,120.8,0,3.6603,0
190,120.9,0,3.6603,0
190,121,0,3.6603,0
190,121.1,0,3.6603,0
190,121.2,0,3.6603,0
190,121.3,0,3.6603,0
190,121.4,0,3.6603,0
190,121.5,0,3.6603,0
190,121.6,0,3.6604,0
190,121.7,0,3.6603,0
190,121.8,0,3.6604,0
190,121.9,0,3.6604,0
190,122,0,3.6604,0
190,122.1,0,3.6604,0
190,122.2,0,3.6604,0
190,122.3,0,3.6604,0
190,122.4,0,3.6604,0
190,122.5,0,3.6604,0
190,122.6,0,3.6604,0
190,122.7,0,3.6604,0
190,122.8,0,3.6604,0
190,122.9,0,3.6604,0
190,123,0,3.6604,0
190,123.1,0,3.6604,0
190,123.2,0,3.6604,0
190,123.3,0,3.6604,0
190,123.4,0,3.6604,0
190,123.5,0,3.6604,0
190,123.6,0,3.6604,0
190,123.7,0,3.6605,0
190,123.8,0,3.6605,0
190,123.9,0,3.6604,0
190,124,0,3.6604,0
190,124.1,0,3.6604,0
190,124.2,0,3.6604,0
190,124.3,0,3.6605,0
190,124.4,0,3.6605,0
190,124.5,0,3.6605,0
190,124.6,0,3.6605,0
190,124.7,0,3.6605,0
190,124.8,0,3.6605,0
190,124.9,0,3.6605,0
190,125,0,3.6605,0
190,125.1,0,3.6605,0
190,125.2,0,3.6605,0
190,125.3,0,3.6605,0
190,125.4,0,3.6605,0
190,125.5,0,3.6605,0
190,125.6,0,3.6605,0
190,125.7,0,3.6605,0
190,125.8,0,3.6605,0
190,125.9,0,3.6605,0
190,126,0,3.6605,0
190,126.1,0,3.6605,0
190,126.2,0,3.6605,0
190,126.3,0,3.6605,0
190,126.4,0,3.6605,0
190,126.5,0,3.6605,0
190,126.6,0,3.6605,0
190,126.7,0,3.6605,0
190,126.8,0,3.6605,0
190,126.9,0,3.6605,0
190,127,0,3.6605,0
190,127.1,0,3.6605,0
190,127.2,0,3.6605,0
190,127.3,0,3.6605,0
190,127.4,0,3.6605,0
190,127.5,0,3.6605,0
190,127.6,0,3.6605,0
190,127.7,0,3.6605,0
190,127.8,0,3.6605,0
190,127.9,0,3.6605,0
190,128,0,3.6605,0
190,128.1,0,3.6605,0
190,128.2,0,3.6605,0
190,128.3,0,3.6605,0
190,128.4,0,3.6605,0
190,128.5,0,3.6605,0
190,128.6,0,3.6605,0
190,128.7,0,3.6605,0
190,128.8,0,3.6605,0
190,128.9,0,3.6606,0
190,129,0,3.6605,0
190,129.1,0,3.6605,0
190,129.2,0,3.6605,0
190,129.3,0,3.6605,0
190,129.4,0,3.6605,0
190,129.5,0,3.6605,0
190,129.6,0,3.6606,0
190,129.7,0,3.6606,0
190,129.8,0,3.6606,0
190,129.9,0,3.6606,0
190,130,0,3.6605,0
190,130.1,0,3.6606,0
190,130.2,0,3.6606,0
190,130.3,0,3.6606,0
190,130.4,0,3.6606,0
190,130.5,0,3.6606,0
190,130.6,0,3.6606,0
190,130.7,0,3.6606,0
190,130.8,0,3.6606,0
190,130.9,0,3.6606,0
190,131,0,3.6606,0
190,131.1,0,3.6606,0
190,131.2,0,3.6606,0
190,131.3,0,3.6607,0
190,131.4,0,3.6607,0
190,131.5,0,3.6606,0
190,131.6,0,3.6607,0
190,131.7,0,3.6607,0
190,131.8,0,3.6607,0
190,131.9,0,3.6607,0
190,132,0,3.6607,0
190,132.1,0,3.6607,0
190,132.2,0,3.6607,0
190,132.3,0,3.6607,0
190,132.4,0,3.6607,0
190,132.5,0,3.6607,0
190,132.6,0,3.6607,0
190,132.7,0,3.6607,0
190,132.8,0,3.6607,0
190,132.9,0,3.6607,0
190,133,0,3.6607,0
190,133.1,0,3.6607,0
190,133.2,0,3.6607,0
190,133.3,0,3.6607,0
190,133.4,0,3.6606,0
190,133.5,0,3.6607,0
190,133.6,0,3.6607,0
190,133.7,0,3.6607,0
190,133.8,0,3.6607,0
190,133.9,0,3.6606,0
190,134,0,3.6606,0
190,134.1,0,3.6607,0
190,134.2,0,3.6607,0
190,134.3,0,3.6607,0
190,134.4,0,3.6607,0
190,134.5,0,3.6607,0
190,134.6,0,3.6607,0
190,134.7,0,3.6607,0
190,134.8,0,3.6607,0
190,134.9,0,3.6607,0
190,135,0,3.6607,0
190,135.1,0,3.6607,0
190,135.2,0,3.6607,0
190,135.3,0,3.6607,0
190,135.4,0,3.6607,0
190,135.5,0,3.6607,0
190,135.6,0,3.6607,0
190,135.7,0,3.6607,0
190,135.8,0,3.6608,0
190,135.9,0,3.6608,0
190,136,0,3.6607,0
190,136.1,0,3.6607,0
190,136.2,0,3.6607,0
190,136.3,0,3.6607,0
190,136.4,0,3.6607,0
190,136.5,0,3.6607,0
190,136.6,0,3.6607,0
190,136.7,0,3.6608,0
190,136.8,0,3.6608,0
190,136.9,0,3.6608,0
190,137,0,3.6608,0
190,137.1,0,3.6608,0
190,137.2,0,3.6608,0
190,137.3,0,3.6608,0
190,137.4,0,3.6608,0
190,137.5,0,3.6608,0
190,137.6,0,3.6608,0
190,137.7,0,3.6608,0
190,137.8,0,3.6608,0
190,137.9,0,3.6608,0
190,138,0,3.6608,0
190,138.1,0,3.6608,0
190,138.2,0,3.6608,0
190,138.3,0,3.6608,0
190,138.4,0,3.6608,0
190,138.5,0,3.6608,0
190,138.6,0,3.6608,0
190,138.7,0,3.6608,0
190,138.8,0,3.6608,0
190,138.9,0,3.6608,0
190,139,0,3.6608,0
190,139.1,0,3.6608,0
190,139.2,0,3.6608,0
190,139.3,0,3.6608,0
190,139.4,0,3.6608,0
190,139.5,0,3.6608,0
190,139.6,0,3.6608,0
190,139.7,0,3.6608,0
190,139.8,0,3.6608,0
190,139.9,0,3.6607,0
190,140,0,3.6608,0
190,140.1,0,3.6608,0
190,140.2,0,3.6608,0
190,140.3,0,3.6608,0
190,140.4,0,3.6608,0
190,140.5,0,3.6608,0
190,140.6,0,3.6608,0
190,140.7,0,3.6608,0
190,140.8,0,3.6608,0
190,140.9,0,3.6608,0
190,141,0,3.6608,0
190,141.1,0,3.6608,0
190,141.2,0,3.6608,0
190,141.3,0,3.6608,0
190,141.4,0,3.6608,0
190,141.5,0,3.6608,0
190,141.6,0,3.6608,0
190,141.7,0,3.6608,0
190,141.8,0,3.6608,0
190,141.9,0,3.6608,0
190,142,0,3.6608,0
190,142.1,0,3.6608,0
190,142.2,0,3.6608,0
190,142.3,0,3.6608,0
190,142.4,0,3.6608,0
190,142.5,0,3.6608,0
190,142.6,0,3.6608,0
190,142.7,0,3.6608,0
190,142.8,0,3.6608,0
190,142.9,0,3.6608,0
190,143,0,3.6608,0
190,143.1,0,3.6608,0
190,143.2,0,3.6608,0
190,143.3,0,3.6608,0
190,143.4,0,3.6608,0
190,143.5,0,3.6608,0
190,143.6,0,3.6608,0
190,143.7,0,3.6609,0
190,143.8,0,3.6608,0
190,143.9,0,3.6608,0
190,144,0,3.6608,0
190,144.1,0,3.6608,0
190,144.2,0,3.6609,0
190,144.3,0,3.6608,0
190,144.4,0,3.6609,0
190,144.5,0,3.6609,0
190,144.6,0,3.6608,0
190,144.7,0,3.6609,0
190,144.8,0,3.6608,0
190,144.9,0,3.6608,0
190,145,0,3.6608,0
190,145.1,0,3.6609,0
190,145.2,0,3.6609,0
190,145.3,0,3.6608,0
190,145.4,0,3.6608,0
190,145.5,0,3.6608,0
190,145.6,0,3.6608,0
190,145.7,0,3.6608,0
190,145.8,0,3.6608,0
190,145.9,0,3.6608,0
190,146,0,3.6609,0
190,146.1,0,3.6609,0
190,146.2,0,3.6609,0
190,146.3,0,3.6609,0
190,146.4,0,3.6609,0
190,146.5,0,3.6609,0
190,146.6,0,3.6609,0
190,146.7,0,3.6609,0
190,146.8,0,3.6609,0
190,146.9,0,3.6609,0
190,147,0,3.6609,0
190,147.1,0,3.6609,0
190,147.2,0,3.6609,0
190,147.3,0,3.6609,0
190,147.4,0,3.6609,0
190,147.5,0,3.6609,0
190,147.6,0,3.6609,0
190,147.7,0,3.6609,0
190,147.8,0,3.6609,0
190,147.9,0,3.6609,0
190,148,0,3.6609,0
190,148.1,0,3.6609,0
190,148.2,0,3.6609,0
190,148.3,0,3.6609,0
190,148.4,0,3.6609,0
190,148.5,0,3.6609,0
190,148.6,0,3.6609,0
190,148.7,0,3.6609,0
190,148.8,0,3.6609,0
190,148.9,0,3.6609,0
190,149,0,3.6609,0
190,149.1,0,3.6609,0
190,149.2,0,3.6609,0
190,149.3,0,3.6609,0
190,149.4,0,3.661,0
190,149.5,0,3.6609,0
190,149.6,0,3.6609,0
190,149.7,0,3.6609,0
190,149.8,0,3.6609,0
190,149.9,0,3.6609,0
190,150,0,3.6609,0
190,150.1,0,3.6609,0
190,150.2,0,3.6609,0
190,150.3,0,3.6609,0
190,150.4,0,3.6609,0
190,150.5,0,3.6609,0
190,150.6,0,3.6609,0
190,150.7,0,3.6609,0
190,150.8,0,3.661,0
190,150.9,0,3.661,0
190,151,0,3.661,0
190,151.1,0,3.6609,0
190,151.2,0,3.661,0
190,151.3,0,3.661,0
190,151.4,0,3.661,0
190,151.5,0,3.661,0
190,151.6,0,3.661,0
190,151.7,0,3.661,0
190,151.8,0,3.661,0
190,151.9,0,3.661,0
190,152,0,3.661,0
190,152.1,0,3.661,0
190,152.2,0,3.661,0
190,152.3,0,3.661,0
190,152.4,0,3.661,0
190,152.5,0,3.661,0
190,152.6,0,3.661,0
190,152.7,0,3.661,0
190,152.8,0,3.661,0
190,152.9,0,3.661,0
190,153,0,3.661,0
190,153.1,0,3.661,0
190,153.2,0,3.661,0
190,153.3,0,3.661,0
190,153.4,0,3.661,0
190,153.5,0,3.661,0
190,153.6,0,3.661,0
190,153.7,0,3.661,0
190,153.8,0,3.661,0
190,153.9,0,3.661,0
190,154,0,3.661,0
190,154.1,0,3.661,0
190,154.2,0,3.661,0
190,154.3,0,3.661,0
190,154.4,0,3.661,0
190,154.5,0,3.661,0
190,154.6,0,3.661,0
190,154.7,0,3.661,0
190,154.8,0,3.661,0
190,154.9,0,3.661,0
190,155,0,3.661,0
190,155.1,0,3.661,0
190,155.2,0,3.661,0
190,155.3,0,3.661,0
190,155.4,0,3.661,0
190,155.5,0,3.661,0
190,155.6,0,3.661,0
190,155.7,0,3.661,0
190,155.8,0,3.661,0
190,155.9,0,3.661,0
190,156,0,3.661,0
190,156.1,0,3.661,0
190,156.2,0,3.661,0
190,156.3,0,3.661,0
190,156.4,0,3.661,0
190,156.5,0,3.661,0
190,156.6,0,3.661,0
190,156.7,0,3.661,0
190,156.8,0,3.661,0
190,156.9,0,3.661,0
190,157,0,3.6611,0
190,157.1,0,3.6611,0
190,157.2,0,3.661,0
190,157.3,0,3.661,0
190,157.4,0,3.661,0
190,157.5,0,3.661,0
190,157.6,0,3.6611,0
190,157.7,0,3.661,0
190,157.8,0,3.661,0
190,157.9,0,3.661,0
190,158,0,3.6611,0
190,158.1,0,3.661,0
190,158.2,0,3.661,0
190,158.3,0,3.661,0
190,158.4,0,3.661,0
190,158.5,0,3.661,0
190,158.6,0,3.6611,0
190,158.7,0,3.661,0
190,158.8,0,3.661,0
190,158.9,0,3.661,0
190,159,0,3.661,0
190,159.1,0,3.661,0
190,159.2,0,3.661,0
190,159.3,0,3.661,0
190,159.4,0,3.661,0
190,159.5,0,3.6611,0
190,159.6,0,3.661,0
190,159.7,0,3.661,0
190,159.8,0,3.661,0
190,159.9,0,3.661,0
190,160,0,3.661,0
190,160.1,0,3.6611,0
190,160.2,0,3.6611,0
190,160.3,0,3.6611,0
190,160.4,0,3.6611,0
190,160.5,0,3.661,0
190,160.6,0,3.661,0
190,160.7,0,3.661,0
190,160.8,0,3.661,0
190,160.9,0,3.661,0
190,161,0,3.661,0
190,161.1,0,3.661,0
190,161.2,0,3.661,0
190,161.3,0,3.661,0
190,161.4,0,3.661,0
190,161.5,0,3.661,0
190,161.6,0,3.661,0
190,161.7,0,3.661,0
190,161.8,0,3.661,0
190,161.9,0,3.661,0
190,162,0,3.661,0
190,162.1,0,3.661,0
190,162.2,0,3.661,0
190,162.3,0,3.661,0
190,162.4,0,3.661,0
190,162.5,0,3.661,0
190,162.6,0,3.6611,0
190,162.7,0,3.6611,0
190,162.8,0,3.6611,0
190,162.9,0,3.6611,0
190,163,0,3.661,0
190,163.1,0,3.661,0
190,163.2,0,3.661,0
190,163.3,0,3.6611,0
190,163.4,0,3.6611,0
190,163.5,0,3.6611,0
190,163.6,0,3.6611,0
190,163.7,0,3.661,0
190,163.8,0,3.661,0
190,163.9,0,3.661,0
190,164,0,3.661,0
190,164.1,0,3.661,0
190,164.2,0,3.661,0
190,164.3,0,3.6611,0
190,164.4,0,3.6611,0
190,164.5,0,3.6611,0
190,164.6,0,3.6611,0
190,164.7,0,3.6611,0
190,164.8,0,3.6611,0
190,164.9,0,3.6611,0
190,165,0,3.6611,0
190,165.1,0,3.6611,0
190,165.2,0,3.6611,0
190,165.3,0,3.6611,0
190,165.4,0,3.6611,0
190,165.5,0,3.6611,0
190,165.6,0,3.6611,0
190,165.7,0,3.6611,0
190,165.8,0,3.6611,0
190,165.9,0,3.6611,0
190,166,0,3.6611,0
190,166.1,0,3.6611,0
190,166.2,0,3.6611,0
190,166.3,0,3.6611,0
190,166.4,0,3.6611,0
190,166.5,0,3.6611,0
190,166.6,0,3.6611,0
190,166.7,0,3.6611,0
190,166.8,0,3.6611,0
190,166.9,0,3.6611,0
190,167,0,3.6611,0
190,167.1,0,3.6612,0
190,167.2,0,3.6612,0
190,167.3,0,3.6612,0
190,167.4,0,3.6611,0
190,167.5,0,3.6612,0
190,167.6,0,3.6611,0
190,167.7,0,3.6611,0
190,167.8,0,3.6611,0
190,167.9,0,3.6611,0
190,168,0,3.6611,0
190,168.1,0,3.6612,0
190,168.2,0,3.6611,0
190,168.3,0,3.6611,0
190,168.4,0,3.6611,0
190,168.5,0,3.6611,0
190,168.6,0,3.6611,0
190,168.7,0,3.6611,0
190,168.8,0,3.6611,0
190,168.9,0,3.6611,0
190,169,0,3.6611,0
190,169.1,0,3.6611,0
190,169.2,0,3.6611,0
190,169.3,0,3.6611,0
190,169.4,0,3.6611,0
190,169.5,0,3.6611,0
190,169.6,0,3.6611,0
190,169.7,0,3.6611,0
190,169.8,0,3.6611,0
190,169.9,0,3.6611,0
190,170,0,3.6611,0
190,170.1,0,3.6611,0
190,170.2,0,3.6611,0
190,170.3,0,3.6611,0
190,170.4,0,3.6611,0
190,170.5,0,3.6611,0
190,170.6,0,3.6611,0
190,170.7,0,3.6611,0
190,170.8,0,3.6611,0
190,170.9,0,3.6611,0
190,171,0,3.6611,0
190,171.1,0,3.6611,0
190,171.2,0,3.6611,0
190,171.3,0,3.6611,0
190,171.4,0,3.6611,0
190,171.5,0,3.6612,0
190,171.6,0,3.6612,0
190,171.7,0,3.6612,0
190,171.8,0,3.6612,0
190,171.9,0,3.6612,0
190,172,0,3.6612,0
190,172.1,0,3.6612,0
190,172.2,0,3.6612,0
190,172.3,0,3.6612,0
190,172.4,0,3.6612,0
190,172.5,0,3.6612,0
190,172.6,0,3.6612,0
190,172.7,0,3.6612,0
190,172.8,0,3.6612,0
190,172.9,0,3.6612,0
190,173,0,3.6612,0
190,173.1,0,3.6612,0
190,173.2,0,3.6612,0
190,173.3,0,3.6612,0
190,173.4,0,3.6612,0
190,173.5,0,3.6612,0
190,173.6,0,3.6612,0
190,173.7,0,3.6612,0
190,173.8,0,3.6612,0
190,173.9,0,3.6612,0
190,174,0,3.6612,0
190,174.1,0,3.6612,0
190,174.2,0,3.6612,0
190,174.3,0,3.6612,0
190,174.4,0,3.6612,0
190,174.5,0,3.6612,0
190,174.6,0,3.6612,0
190,174.7,0,3.6612,0
190,174.8,0,3.6612,0
190,174.9,0,3.6612,0
190,175,0,3.6612,0
190,175.1,0,3.6612,0
190,175.2,0,3.6612,0
190,175.3,0,3.6612,0
190,175.4,0,3.6612,0
190,175.5,0,3.6612,0
190,175.6,0,3.6612,0
190,175.7,0,3.6612,0
190,175.8,0,3.6612,0
190,175.9,0,3.6612,0
190,176,0,3.6612,0
190,176.1,0,3.6612,0
190,176.2,0,3.6612,0
190,176.3,0,3.6612,0
190,176.4,0,3.6612,0
190,176.5,0,3.6612,0
190,176.6,0,3.6612,0
190,176.7,0,3.6612,0
190,176.8,0,3.6612,0
190,176.9,0,3.6612,0
190,177,0,3.6613,0
190,177.1,0,3.6613,0
190,177.2,0,3.6613,0
190,177.3,0,3.6613,0
190,177.4,0,3.6613,0
190,177.5,0,3.6613,0
190,177.6,0,3.6613,0
190,177.7,0,3.6612,0
190,177.8,0,3.6613,0
190,177.9,0,3.6612,0
190,178,0,3.6612,0
190,178.1,0,3.6612,0
190,178.2,0,3.6613,0
190,178.3,0,3.6613,0
190,178.4,0,3.6612,0
190,178.5,0,3.6613,0
190,178.6,0,3.6612,0
190,178.7,0,3.6612,0
190,178.8,0,3.6612,0
190,178.9,0,3.6613,0
190,179,0,3.6613,0
190,179.1,0,3.6613,0
190,179.2,0,3.6612,0
190,179.3,0,3.6612,0
190,179.4,0,3.6612,0
190,179.5,0,3.6612,0
190,179.6,0,3.6612,0
190,179.7,0,3.6612,0
190,179.8,0,3.6612,0
190,179.9,0,3.6612,0
190,180,0,3.6612,0
190,180.1,0,3.6612,0
190,180.2,0,3.6612,0
190,180.3,0,3.6612,0
190,180.4,0,3.6612,0
190,180.5,0,3.6612,0
190,180.6,0,3.6612,0
190,180.7,0,3.6612,0
190,180.8,0,3.6613,0
190,180.9,0,3.6612,0
190,181,0,3.6613,0
190,181.1,0,3.6613,0
190,181.2,0,3.6613,0
190,181.3,0,3.6612,0
190,181.4,0,3.6612,0
190,181.5,0,3.6612,0
190,181.6,0,3.6613,0
190,181.7,0,3.6613,0
190,181.8,0,3.6612,0
190,181.9,0,3.6612,0
190,182,0,3.6613,0
190,182.1,0,3.6613,0
190,182.2,0,3.6612,0
190,182.3,0,3.6612,0
190,182.4,0,3.6612,0
190,182.5,0,3.6612,0
190,182.6,0,3.6612,0
190,182.7,0,3.6612,0
190,182.8,0,3.6612,0
190,182.9,0,3.6612,0
190,183,0,3.6612,0
190,183.1,0,3.6613,0
190,183.2,0,3.6612,0
190,183.3,0,3.6612,0
190,183.4,0,3.6612,0
190,183.5,0,3.6612,0
190,183.6,0,3.6612,0
190,183.7,0,3.6612,0
190,183.8,0,3.6613,0
190,183.9,0,3.6613,0
190,184,0,3.6613,0
190,184.1,0,3.6612,0
190,184.2,0,3.6613,0
190,184.3,0,3.6613,0
190,184.4,0,3.6612,0
190,184.5,0,3.6613,0
190,184.6,0,3.6613,0
190,184.7,0,3.6613,0
190,184.8,0,3.6613,0
190,184.9,0,3.6612,0
190,185,0,3.6613,0
190,185.1,0,3.6613,0
190,185.2,0,3.6613,0
190,185.3,0,3.6613,0
190,185.4,0,3.6613,0
190,185.5,0,3.6613,0
190,185.6,0,3.6613,0
190,185.7,0,3.6613,0
190,185.8,0,3.6613,0
190,185.9,0,3.6613,0
190,186,0,3.6613,0
190,186.1,0,3.6613,0
190,186.2,0,3.6613,0
190,186.3,0,3.6614,0
190,186.4,0,3.6613,0
190,186.5,0,3.6613,0
190,186.6,0,3.6613,0
190,186.7,0,3.6613,0
190,186.8,0,3.6613,0
190,186.9,0,3.6613,0
190,187,0,3.6613,0
190,187.1,0,3.6613,0
190,187.2,0,3.6613,0
190,187.3,0,3.6613,0
190,187.4,0,3.6613,0
190,187.5,0,3.6613,0
190,187.6,0,3.6613,0
190,187.7,0,3.6613,0
190,187.8,0,3.6613,0
190,187.9,0,3.6613,0
190,188,0,3.6613,0
190,188.1,0,3.6613,0
190,188.2,0,3.6613,0
190,188.3,0,3.6613,0
190,188.4,0,3.6613,0
190,188.5,0,3.6613,0
190,188.6,0,3.6613,0
190,188.7,0,3.6613,0
190,188.8,0,3.6613,0
190,188.9,0,3.6613,0
190,189,0,3.6613,0
190,189.1,0,3.6613,0
190,189.2,0,3.6613,0
190,189.3,0,3.6613,0
190,189.4,0,3.6613,0
190,189.5,0,3.6613,0
190,189.6,0,3.6613,0
190,189.7,0,3.6614,0
190,189.8,0,3.6613,0
190,189.9,0,3.6614,0
190,190,0,3.6614,0
190,190.1,0,3.6613,0
190,190.2,0,3.6613,0
190,190.3,0,3.6613,0
190,190.4,0,3.6613,0
190,190.5,0,3.6613,0
190,190.6,0,3.6613,0
190,190.7,0,3.6613,0
190,190.8,0,3.6614,0
190,190.9,0,3.6613,0
190,191,0,3.6613,0
190,191.1,0,3.6613,0
190,191.2,0,3.6613,0
190,191.3,0,3.6613,0
190,191.4,0,3.6613,0
190,191.5,0,3.6613,0
190,191.6,0,3.6613,0
190,191.7,0,3.6613,0
190,191.8,0,3.6613,0
190,191.9,0,3.6614,0
190,192,0,3.6613,0
190,192.1,0,3.6613,0
190,192.2,0,3.6613,0
190,192.3,0,3.6613,0
190,192.4,0,3.6613,0
190,192.5,0,3.6614,0
190,192.6,0,3.6614,0
190,192.7,0,3.6614,0
190,192.8,0,3.6614,0
190,192.9,0,3.6614,0
190,193,0,3.6614,0
190,193.1,0,3.6614,0
190,193.2,0,3.6614,0
190,193.3,0,3.6614,0
190,193.4,0,3.6614,0
190,193.5,0,3.6614,0
190,193.6,0,3.6614,0
190,193.7,0,3.6614,0
190,193.8,0,3.6614,0
190,193.9,0,3.6614,0
190,194,0,3.6614,0
190,194.1,0,3.6614,0
190,194.2,0,3.6614,0
190,194.3,0,3.6614,0
190,194.4,0,3.6614,0
190,194.5,0,3.6614,0
190,194.6,0,3.6614,0
190,194.7,0,3.6614,0
190,194.8,0,3.6614,0
190,194.9,0,3.6614,0
190,195,0,3.6614,0
190,195.1,0,3.6614,0
190,195.2,0,3.6614,0
190,195.3,0,3.6614,0
190,195.4,0,3.6614,0
190,195.5,0,3.6614,0
190,195.6,0,3.6614,0
190,195.7,0,3.6614,0
190,195.8,0,3.6613,0
190,195.9,0,3.6614,0
190,196,0,3.6614,0
190,196.1,0,3.6613,0
190,196.2,0,3.6613,0
190,196.3,0,3.6614,0
190,196.4,0,3.6614,0
190,196.5,0,3.6614,0
190,196.6,0,3.6614,0
190,196.7,0,3.6614,0
190,196.8,0,3.6614,0
190,196.9,0,3.6614,0
190,197,0,3.6614,0
190,197.1,0,3.6615,0
190,197.2,0,3.6614,0
190,197.3,0,3.6614,0
190,197.4,0,3.6614,0
190,197.5,0,3.6614,0
190,197.6,0,3.6614,0
190,197.7,0,3.6614,0
190,197.8,0,3.6614,0
190,197.9,0,3.6614,0
190,198,0,3.6614,0
190,198.1,0,3.6614,0
190,198.2,0,3.6614,0
190,198.3,0,3.6614,0
190,198.4,0,3.6614,0
190,198.5,0,3.6614,0
190,198.6,0,3.6614,0
190,198.7,0,3.6614,0
190,198.8,0,3.6614,0
190,198.9,0,3.6614,0
190,199,0,3.6614,0
190,199.1,0,3.6615,0
190,199.2,0,3.6615,0
190,199.3,0,3.6615,0
190,199.4,0,3.6615,0
190,199.5,0,3.6615,0
190,199.6,0,3.6615,0
190,199.7,0,3.6615,0
190,199.8,0,3.6615,0
190,199.9,0,3.6615,0
190,200,0,3.6615,0
190,200.1,0,3.6615,0
190,200.2,0,3.6615,0
190,200.3,0,3.6615,0
190,200.4,0,3.6615,0
190,200.5,0,3.6615,0
190,200.6,0,3.6615,0
190,200.7,0,3.6615,0
190,200.8,0,3.6615,0
190,200.9,0,3.6614,0
190,201,0,3.6614,0
190,201.1,0,3.6614,0
190,201.2,0,3.6614,0
190,201.3,0,3.6614,0
190,201.4,0,3.6614,0
190,201.5,0,3.6614,0
190,201.6,0,3.6614,0
190,201.7,0,3.6614,0
190,201.8,0,3.6614,0
190,201.9,0,3.6614,0
190,202,0,3.6613,0
190,202.1,0,3.6614,0
190,202.2,0,3.6614,0
190,202.3,0,3.6614,0
190,202.4,0,3.6614,0
190,202.5,0,3.6614,0
190,202.6,0,3.6614,0
190,202.7,0,3.6614,0
190,202.8,0,3.6614,0
190,202.9,0,3.6614,0
190,203,0,3.6614,0
190,203.1,0,3.6614,0
190,203.2,0,3.6614,0
190,203.3,0,3.6614,0
190,203.4,0,3.6614,0
190,203.5,0,3.6614,0
190,203.6,0,3.6614,0
190,203.7,0,3.6614,0
190,203.8,0,3.6613,0
190,203.9,0,3.6614,0
190,204,0,3.6614,0
190,204.1,0,3.6614,0
190,204.2,0,3.6614,0
190,204.3,0,3.6614,0
190,204.4,0,3.6614,0
190,204.5,0,3.6614,0
190,204.6,0,3.6614,0
190,204.7,0,3.6614,0
190,204.8,0,3.6614,0
190,204.9,0,3.6614,0
190,205,0,3.6614,0
190,205.1,0,3.6614,0
190,205.2,0,3.6614,0
190,205.3,0,3.6614,0
190,205.4,0,3.6614,0
190,205.5,0,3.6614,0
190,205.6,0,3.6614,0
190,205.7,0,3.6614,0
190,205.8,0,3.6614,0
190,205.9,0,3.6614,0
190,206,0,3.6614,0
190,206.1,0,3.6614,0
190,206.2,0,3.6614,0
190,206.3,0,3.6614,0
190,206.4,0,3.6614,0
190,206.5,0,3.6614,0
190,206.6,0,3.6614,0
190,206.7,0,3.6614,0
190,206.8,0,3.6613,0
190,206.9,0,3.6614,0
190,207,0,3.6614,0
190,207.1,0,3.6613,0
190,207.2,0,3.6614,0
190,207.3,0,3.6614,0
190,207.4,0,3.6614,0
190,207.5,0,3.6614,0
190,207.6,0,3.6614,0
190,207.7,0,3.6614,0
190,207.8,0,3.6614,0
190,207.9,0,3.6614,0
190,208,0,3.6614,0
190,208.1,0,3.6614,0
190,208.2,0,3.6614,0
190,208.3,0,3.6614,0
190,208.4,0,3.6614,0
190,208.5,0,3.6614,0
190,208.6,0,3.6614,0
190,208.7,0,3.6614,0
190,208.8,0,3.6614,0
190,208.9,0,3.6614,0
190,209,0,3.6614,0
190,209.1,0,3.6614,0
190,209.2,0,3.6614,0
190,209.3,0,3.6614,0
190,209.4,0,3.6614,0
190,209.5,0,3.6614,0
190,209.6,0,3.6614,0
190,209.7,0,3.6614,0
190,209.8,0,3.6614,0
190,209.9,0,3.6614,0
190,210,0,3.6614,0
190,210.1,0,3.6614,0
190,210.2,0,3.6614,0
190,210.3,0,3.6614,0
190,210.4,0,3.6614,0
190,210.5,0,3.6615,0
190,210.6,0,3.6614,0
190,210.7,0,3.6614,0
190,210.8,0,3.6614,0
190,210.9,0,3.6614,0
190,211,0,3.6614,0
190,211.1,0,3.6614,0
190,211.2,0,3.6614,0
190,211.3,0,3.6615,0
190,211.4,0,3.6614,0
190,211.5,0,3.6614,0
190,211.6,0,3.6614,0
190,211.7,0,3.6614,0
190,211.8,0,3.6615,0
190,211.9,0,3.6615,0
190,212,0,3.6614,0
190,212.1,0,3.6614,0
190,212.2,0,3.6614,0
190,212.3,0,3.6614,0
190,212.4,0,3.6614,0
190,212.5,0,3.6614,0
190,212.6,0,3.6614,0
190,212.7,0,3.6614,0
190,212.8,0,3.6614,0
190,212.9,0,3.6614,0
190,213,0,3.6614,0
190,213.1,0,3.6614,0
190,213.2,0,3.6614,0
190,213.3,0,3.6614,0
190,213.4,0,3.6615,0
190,213.5,0,3.6615,0
190,213.6,0,3.6615,0
190,213.7,0,3.6614,0
190,213.8,0,3.6614,0
190,213.9,0,3.6614,0
190,214,0,3.6614,0
190,214.1,0,3.6614,0
190,214.2,0,3.6614,0
190,214.3,0,3.6614,0
190,214.4,0,3.6614,0
190,214.5,0,3.6614,0
190,214.6,0,3.6614,0
190,214.7,0,3.6615,0
190,214.8,0,3.6615,0
190,214.9,0,3.6615,0
190,215,0,3.6615,0
190,215.1,0,3.6615,0
190,215.2,0,3.6615,0
190,215.3,0,3.6615,0
190,215.4,0,3.6615,0
190,215.5,0,3.6615,0
190,215.6,0,3.6615,0
190,215.7,0,3.6615,0
190,215.8,0,3.6615,0
190,215.9,0,3.6615,0
190,216,0,3.6615,0
190,216.1,0,3.6615,0
190,216.2,0,3.6615,0
190,216.3,0,3.6614,0
190,216.4,0,3.6615,0
190,216.5,0,3.6615,0
190,216.6,0,3.6615,0
190,216.7,0,3.6615,0
190,216.8,0,3.6615,0
190,216.9,0,3.6615,0
190,217,0,3.6615,0
190,217.1,0,3.6615,0
190,217.2,0,3.6615,0
190,217.3,0,3.6615,0
190,217.4,0,3.6615,0
190,217.5,0,3.6615,0
190,217.6,0,3.6615,0
190,217.7,0,3.6615,0
190,217.8,0,3.6615,0
190,217.9,0,3.6615,0
190,218,0,3.6615,0
190,218.1,0,3.6615,0
190,218.2,0,3.6615,0
190,218.3,0,3.6615,0
190,218.4,0,3.6615,0
190,218.5,0,3.6615,0
190,218.6,0,3.6615,0
190,218.7,0,3.6615,0
190,218.8,0,3.6615,0
190,218.9,0,3.6615,0
190,219,0,3.6615,0
190,219.1,0,3.6615,0
190,219.2,0,3.6615,0
190,219.3,0,3.6615,0
190,219.4,0,3.6615,0
190,219.5,0,3.6615,0
190,219.6,0,3.6615,0
190,219.7,0,3.6615,0
190,219.8,0,3.6615,0
190,219.9,0,3.6615,0
190,220,0,3.6615,0
190,220.1,0,3.6615,0
190,220.2,0,3.6615,0
190,220.3,0,3.6615,0
190,220.4,0,3.6615,0
190,220.5,0,3.6615,0
190,220.6,0,3.6615,0
190,220.7,0,3.6615,0
190,220.8,0,3.6615,0
190,220.9,0,3.6615,0
190,221,0,3.6615,0
190,221.1,0,3.6615,0
190,221.2,0,3.6615,0
190,221.3,0,3.6615,0
190,221.4,0,3.6615,0
190,221.5,0,3.6615,0
190,221.6,0,3.6615,0
190,221.7,0,3.6615,0
190,221.8,0,3.6615,0
190,221.9,0,3.6614,0
190,222,0,3.6614,0
190,222.1,0,3.6614,0
190,222.2,0,3.6614,0
190,222.3,0,3.6615,0
190,222.4,0,3.6615,0
190,222.5,0,3.6615,0
190,222.6,0,3.6615,0
190,222.7,0,3.6615,0
190,222.8,0,3.6615,0
190,222.9,0,3.6614,0
190,223,0,3.6614,0
190,223.1,0,3.6614,0
190,223.2,0,3.6614,0
190,223.3,0,3.6615,0
190,223.4,0,3.6615,0
190,223.5,0,3.6614,0
190,223.6,0,3.6615,0
190,223.7,0,3.6615,0
190,223.8,0,3.6614,0
190,223.9,0,3.6615,0
190,224,0,3.6615,0
190,224.1,0,3.6614,0
190,224.2,0,3.6614,0
190,224.3,0,3.6614,0
190,224.4,0,3.6614,0
190,224.5,0,3.6614,0
190,224.6,0,3.6615,0
190,224.7,0,3.6615,0
190,224.8,0,3.6615,0
190,224.9,0,3.6614,0
190,225,0,3.6615,0
190,225.1,0,3.6615,0
190,225.2,0,3.6615,0
190,225.3,0,3.6615,0
190,225.4,0,3.6615,0
190,225.5,0,3.6615,0
190,225.6,0,3.6615,0
190,225.7,0,3.6615,0
190,225.8,0,3.6615,0
190,225.9,0,3.6615,0
190,226,0,3.6615,0
190,226.1,0,3.6615,0
190,226.2,0,3.6615,0
190,226.3,0,3.6615,0
190,226.4,0,3.6615,0
190,226.5,0,3.6615,0
190,226.6,0,3.6615,0
190,226.7,0,3.6615,0
190,226.8,0,3.6615,0
190,226.9,0,3.6615,0
190,227,0,3.6615,0
190,227.1,0,3.6615,0
190,227.2,0,3.6615,0
190,227.3,0,3.6615,0
190,227.4,0,3.6615,0
190,227.5,0,3.6615,0
190,227.6,0,3.6615,0
190,227.7,0,3.6615,0
190,227.8,0,3.6615,0
190,227.9,0,3.6615,0
190,228,0,3.6615,0
190,228.1,0,3.6615,0
190,228.2,0,3.6615,0
190,228.3,0,3.6615,0
190,228.4,0,3.6616,0
190,228.5,0,3.6616,0
190,228.6,0,3.6615,0
190,228.7,0,3.6615,0
190,228.8,0,3.6616,0
190,228.9,0,3.6616,0
190,229,0,3.6615,0
190,229.1,0,3.6616,0
190,229.2,0,3.6615,0
190,229.3,0,3.6615,0
190,229.4,0,3.6615,0
190,229.5,0,3.6615,0
190,229.6,0,3.6615,0
190,229.7,0,3.6615,0
190,229.8,0,3.6615,0
190,229.9,0,3.6615,0
190,230,0,3.6615,0
190,230.1,0,3.6615,0
190,230.2,0,3.6615,0
190,230.3,0,3.6615,0
190,230.4,0,3.6615,0
190,230.5,0,3.6615,0
190,230.6,0,3.6615,0
190,230.7,0,3.6615,0
190,230.8,0,3.6615,0
190,230.9,0,3.6615,0
190,231,0,3.6615,0
190,231.1,0,3.6615,0
190,231.2,0,3.6615,0
190,231.3,0,3.6615,0
190,231.4,0,3.6615,0
190,231.5,0,3.6615,0
190,231.6,0,3.6615,0
190,231.7,0,3.6615,0
190,231.8,0,3.6615,0
190,231.9,0,3.6615,0
190,232,0,3.6615,0
190,232.1,0,3.6615,0
190,232.2,0,3.6615,0
190,232.3,0,3.6615,0
190,232.4,0,3.6615,0
190,232.5,0,3.6615,0
190,232.6,0,3.6615,0
190,232.7,0,3.6615,0
190,232.8,0,3.6615,0
190,232.9,0,3.6615,0
190,233,0,3.6616,0
190,233.1,0,3.6616,0
190,233.2,0,3.6615,0
190,233.3,0,3.6615,0
190,233.4,0,3.6615,0
190,233.5,0,3.6615,0
190,233.6,0,3.6615,0
190,233.7,0,3.6615,0
190,233.8,0,3.6615,0
190,233.9,0,3.6616,0
190,234,0,3.6616,0
190,234.1,0,3.6616,0
190,234.2,0,3.6616,0
190,234.3,0,3.6616,0
190,234.4,0,3.6615,0
190,234.5,0,3.6615,0
190,234.6,0,3.6615,0
190,234.7,0,3.6615,0
190,234.8,0,3.6615,0
190,234.9,0,3.6615,0
190,235,0,3.6616,0
190,235.1,0,3.6616,0
190,235.2,0,3.6616,0
190,235.3,0,3.6616,0
190,235.4,0,3.6616,0
190,235.5,0,3.6616,0
190,235.6,0,3.6616,0
190,235.7,0,3.6616,0
190,235.8,0,3.6616,0
190,235.9,0,3.6616,0
190,236,0,3.6616,0
190,236.1,0,3.6616,0
190,236.2,0,3.6615,0
190,236.3,0,3.6615,0
190,236.4,0,3.6615,0
190,236.5,0,3.6615,0
190,236.6,0,3.6616,0
190,236.7,0,3.6615,0
190,236.8,0,3.6615,0
190,236.9,0,3.6615,0
190,237,0,3.6615,0
190,237.1,0,3.6615,0
190,237.2,0,3.6615,0
190,237.3,0,3.6615,0
190,237.4,0,3.6615,0
190,237.5,0,3.6615,0
190,237.6,0,3.6615,0
190,237.7,0,3.6615,0
190,237.8,0,3.6615,0
190,237.9,0,3.6615,0
190,238,0,3.6615,0
190,238.1,0,3.6616,0
190,238.2,0,3.6616,0
190,238.3,0,3.6616,0
190,238.4,0,3.6616,0
190,238.5,0,3.6616,0
190,238.6,0,3.6616,0
190,238.7,0,3.6616,0
190,238.8,0,3.6616,0
190,238.9,0,3.6616,0
190,239,0,3.6616,0
190,239.1,0,3.6616,0
190,239.2,0,3.6616,0
190,239.3,0,3.6616,0
190,239.4,0,3.6616,0
190,239.5,0,3.6616,0
190,239.6,0,3.6616,0
190,239.7,0,3.6616,0
190,239.8,0,3.6615,0
190,239.9,0,3.6616,0
190,240,0,3.6616,0
190,240.1,0,3.6616,0
190,240.2,0,3.6616,0
190,240.3,0,3.6616,0
190,240.4,0,3.6616,0
190,240.5,0,3.6616,0
190,240.6,0,3.6616,0
190,240.7,0,3.6616,0
190,240.8,0,3.6616,0
190,240.9,0,3.6616,0
190,241,0,3.6616,0
190,241.1,0,3.6616,0
190,241.2,0,3.6616,0
190,241.3,0,3.6616,0
190,241.4,0,3.6616,0
190,241.5,0,3.6616,0
190,241.6,0,3.6616,0
190,241.7,0,3.6616,0
190,241.8,0,3.6616,0
190,241.9,0,3.6616,0
190,242,0,3.6616,0
190,242.1,0,3.6616,0
190,242.2,0,3.6616,0
190,242.3,0,3.6616,0
190,242.4,0,3.6616,0
190,242.5,0,3.6616,0
190,242.6,0,3.6616,0
190,242.7,0,3.6616,0
190,242.8,0,3.6616,0
190,242.9,0,3.6616,0
190,243,0,3.6616,0
190,243.1,0,3.6616,0
190,243.2,0,3.6616,0
190,243.3,0,3.6616,0
190,243.4,0,3.6616,0
190,243.5,0,3.6616,0
190,243.6,0,3.6616,0
190,243.7,0,3.6616,0
190,243.8,0,3.6616,0
190,243.9,0,3.6616,0
190,244,0,3.6616,0
190,244.1,0,3.6616,0
190,244.2,0,3.6617,0
190,244.3,0,3.6617,0
190,244.4,0,3.6616,0
190,244.5,0,3.6616,0
190,244.6,0,3.6616,0
190,244.7,0,3.6616,0
190,244.8,0,3.6616,0
190,244.9,0,3.6616,0
190,245,0,3.6616,0
190,245.1,0,3.6616,0
190,245.2,0,3.6616,0
190,245.3,0,3.6617,0
190,245.4,0,3.6616,0
190,245.5,0,3.6617,0
190,245.6,0,3.6617,0
190,245.7,0,3.6616,0
190,245.8,0,3.6617,0
190,245.9,0,3.6617,0
190,246,0,3.6617,0
190,246.1,0,3.6616,0
190,246.2,0,3.6617,0
190,246.3,0,3.6617,0
190,246.4,0,3.6616,0
190,246.5,0,3.6616,0
190,246.6,0,3.6616,0
190,246.7,0,3.6616,0
190,246.8,0,3.6616,0
190,246.9,0,3.6616,0
190,247,0,3.6616,0
190,247.1,0,3.6616,0
190,247.2,0,3.6616,0
190,247.3,0,3.6616,0
190,247.4,0,3.6616,0
190,247.5,0,3.6616,0
190,247.6,0,3.6616,0
190,247.7,0,3.6616,0
190,247.8,0,3.6616,0
190,247.9,0,3.6616,0
190,248,0,3.6616,0
190,248.1,0,3.6616,0
190,248.2,0,3.6616,0
190,248.3,0,3.6616,0
190,248.4,0,3.6616,0
190,248.5,0,3.6616,0
190,248.6,0,3.6616,0
190,248.7,0,3.6616,0
190,248.8,0,3.6616,0
190,248.9,0,3.6616,0
190,249,0,3.6616,0
190,249.1,0,3.6616,0
190,249.2,0,3.6616,0
190,249.3,0,3.6616,0
190,249.4,0,3.6616,0
190,249.5,0,3.6616,0
190,249.6,0,3.6616,0
190,249.7,0,3.6617,0
190,249.8,0,3.6617,0
190,249.9,0,3.6616,0
190,250,0,3.6616,0
190,250.1,0,3.6616,0
190,250.2,0,3.6617,0
190,250.3,0,3.6617,0
190,250.4,0,3.6617,0
190,250.5,0,3.6616,0
190,250.6,0,3.6616,0
190,250.7,0,3.6616,0
190,250.8,0,3.6616,0
190,250.9,0,3.6616,0
190,251,0,3.6616,0
190,251.1,0,3.6616,0
190,251.2,0,3.6616,0
190,251.3,0,3.6617,0
190,251.4,0,3.6616,0
190,251.5,0,3.6617,0
190,251.6,0,3.6617,0
190,251.7,0,3.6616,0
190,251.8,0,3.6616,0
190,251.9,0,3.6616,0
190,252,0,3.6616,0
190,252.1,0,3.6616,0
190,252.2,0,3.6616,0
190,252.3,0,3.6617,0
190,252.4,0,3.6617,0
190,252.5,0,3.6617,0
190,252.6,0,3.6616,0
190,252.7,0,3.6617,0
190,252.8,0,3.6617,0
190,252.9,0,3.6616,0
190,253,0,3.6617,0
190,253.1,0,3.6617,0
190,253.2,0,3.6617,0
190,253.3,0,3.6617,0
190,253.4,0,3.6616,0
190,253.5,0,3.6616,0
190,253.6,0,3.6616,0
190,253.7,0,3.6617,0
190,253.8,0,3.6617,0
190,253.9,0,3.6617,0
190,254,0,3.6617,0
190,254.1,0,3.6616,0
190,254.2,0,3.6617,0
190,254.3,0,3.6617,0
190,254.4,0,3.6617,0
190,254.5,0,3.6617,0
190,254.6,0,3.6617,0
190,254.7,0,3.6617,0
190,254.8,0,3.6617,0
190,254.9,0,3.6617,0
190,255,0,3.6617,0
190,255.1,0,3.6617,0
190,255.2,0,3.6616,0
190,255.3,0,3.6616,0
190,255.4,0,3.6616,0
190,255.5,0,3.6616,0
190,255.6,0,3.6616,0
190,255.7,0,3.6616,0
190,255.8,0,3.6617,0
190,255.9,0,3.6617,0
190,256,0,3.6617,0
190,256.1,0,3.6616,0
190,256.2,0,3.6616,0
190,256.3,0,3.6616,0
190,256.4,0,3.6617,0
190,256.5,0,3.6617,0
190,256.6,0,3.6617,0
190,256.7,0,3.6617,0
190,256.8,0,3.6617,0
190,256.9,0,3.6617,0
190,257,0,3.6617,0
190,257.1,0,3.6617,0
190,257.2,0,3.6617,0
190,257.3,0,3.6616,0
190,257.4,0,3.6617,0
190,257.5,0,3.6617,0
190,257.6,0,3.6617,0
190,257.7,0,3.6617,0
190,257.8,0,3.6616,0
190,257.9,0,3.6616,0
190,258,0,3.6616,0
190,258.1,0,3.6616,0
190,258.2,0,3.6616,0
190,258.3,0,3.6616,0
190,258.4,0,3.6616,0
190,258.5,0,3.6616,0
190,258.6,0,3.6617,0
190,258.7,0,3.6616,0
190,258.8,0,3.6616,0
190,258.9,0,3.6616,0
190,259,0,3.6616,0
190,259.1,0,3.6616,0
190,259.2,0,3.6616,0
190,259.3,0,3.6617,0
190,259.4,0,3.6616,0
190,259.5,0,3.6617,0
190,259.6,0,3.6617,0
190,259.7,0,3.6617,0
190,259.8,0,3.6616,0
190,259.9,0,3.6616,0
190,260,0,3.6616,0
190,260.1,0,3.6617,0
190,260.2,0,3.6617,0
190,260.3,0,3.6617,0
190,260.4,0,3.6617,0
190,260.5,0,3.6617,0
190,260.6,0,3.6617,0
190,260.7,0,3.6617,0
190,260.8,0,3.6617,0
190,260.9,0,3.6617,0
190,261,0,3.6617,0
190,261.1,0,3.6617,0
190,261.2,0,3.6616,0
190,261.3,0,3.6616,0
190,261.4,0,3.6616,0
190,261.5,0,3.6616,0
190,261.6,0,3.6616,0
190,261.7,0,3.6616,0
190,261.8,0,3.6616,0
190,261.9,0,3.6616,0
190,262,0,3.6617,0
190,262.1,0,3.6617,0
190,262.2,0,3.6617,0
190,262.3,0,3.6617,0
190,262.4,0,3.6617,0
190,262.5,0,3.6616,0
190,262.6,0,3.6616,0
190,262.7,0,3.6616,0
190,262.8,0,3.6616,0
190,262.9,0,3.6616,0
190,263,0,3.6616,0
190,263.1,0,3.6616,0
190,263.2,0,3.6616,0
190,263.3,0,3.6616,0
190,263.4,0,3.6616,0
190,263.5,0,3.6616,0
190,263.6,0,3.6616,0
190,263.7,0,3.6616,0
190,263.8,0,3.6616,0
190,263.9,0,3.6617,0
190,264,0,3.6617,0
190,264.1,0,3.6617,0
190,264.2,0,3.6616,0
190,264.3,0,3.6616,0
190,264.4,0,3.6617,0
190,264.5,0,3.6617,0
190,264.6,0,3.6617,0
190,264.7,0,3.6617,0
190,264.8,0,3.6617,0
190,264.9,0,3.6617,0
190,265,0,3.6617,0
190,265.1,0,3.6617,0
190,265.2,0,3.6617,0
190,265.3,0,3.6617,0
190,265.4,0,3.6617,0
190,265.5,0,3.6617,0
190,265.6,0,3.6617,0
190,265.7,0,3.6617,0
190,265.8,0,3.6617,0
190,265.9,0,3.6617,0
190,266,0,3.6617,0
190,266.1,0,3.6617,0
190,266.2,0,3.6617,0
190,266.3,0,3.6617,0
190,266.4,0,3.6617,0
190,266.5,0,3.6617,0
190,266.6,0,3.6617,0
190,266.7,0,3.6617,0
190,266.8,0,3.6617,0
190,266.9,0,3.6617,0
190,267,0,3.6617,0
190,267.1,0,3.6617,0
190,267.2,0,3.6617,0
190,267.3,0,3.6617,0
190,267.4,0,3.6617,0
190,267.5,0,3.6617,0
190,267.6,0,3.6617,0
190,267.7,0,3.6617,0
190,267.8,0,3.6617,0
190,267.9,0,3.6617,0
190,268,0,3.6617,0
190,268.1,0,3.6617,0
190,268.2,0,3.6617,0
190,268.3,0,3.6617,0
190,268.4,0,3.6617,0
190,268.5,0,3.6617,0
190,268.6,0,3.6617,0
190,268.7,0,3.6617,0
190,268.8,0,3.6617,0
190,268.9,0,3.6617,0
190,269,0,3.6617,0
190,269.1,0,3.6617,0
190,269.2,0,3.6617,0
190,269.3,0,3.6617,0
190,269.4,0,3.6617,0
190,269.5,0,3.6617,0
190,269.6,0,3.6617,0
190,269.7,0,3.6617,0
190,269.8,0,3.6618,0
190,269.9,0,3.6618,0
190,270,0,3.6618,0
190,270.1,0,3.6618,0
190,270.2,0,3.6618,0
190,270.3,0,3.6618,0
190,270.4,0,3.6618,0
190,270.5,0,3.6618,0
190,270.6,0,3.6618,0
190,270.7,0,3.6618,0
190,270.8,0,3.6618,0
190,270.9,0,3.6618,0
190,271,0,3.6618,0
190,271.1,0,3.6618,0
190,271.2,0,3.6618,0
190,271.3,0,3.6618,0
190,271.4,0,3.6617,0
190,271.5,0,3.6617,0
190,271.6,0,3.6618,0
190,271.7,0,3.6618,0
190,271.8,0,3.6618,0
190,271.9,0,3.6618,0
190,272,0,3.6618,0
190,272.1,0,3.6618,0
190,272.2,0,3.6618,0
190,272.3,0,3.6618,0
190,272.4,0,3.6618,0
190,272.5,0,3.6618,0
190,272.6,0,3.6618,0
190,272.7,0,3.6618,0
190,272.8,0,3.6618,0
190,272.9,0,3.6618,0
190,273,0,3.6618,0
190,273.1,0,3.6618,0
190,273.2,0,3.6618,0
190,273.3,0,3.6618,0
190,273.4,0,3.6618,0
190,273.5,0,3.6618,0
190,273.6,0,3.6618,0
190,273.7,0,3.6618,0
190,273.8,0,3.6618,0
190,273.9,0,3.6618,0
190,274,0,3.6618,0
190,274.1,0,3.6618,0
190,274.2,0,3.6618,0
190,274.3,0,3.6618,0
190,274.4,0,3.6618,0
190,274.5,0,3.6618,0
190,274.6,0,3.6618,0
190,274.7,0,3.6618,0
190,274.8,0,3.6618,0
190,274.9,0,3.6618,0
190,275,0,3.6618,0
190,275.1,0,3.6618,0
190,275.2,0,3.6618,0
190,275.3,0,3.6618,0
190,275.4,0,3.6618,0
190,275.5,0,3.6618,0
190,275.6,0,3.6618,0
190,275.7,0,3.6618,0
190,275.8,0,3.6618,0
190,275.9,0,3.6617,0
190,276,0,3.6618,0
190,276.1,0,3.6618,0
190,276.2,0,3.6618,0
190,276.3,0,3.6618,0
190,276.4,0,3.6617,0
190,276.5,0,3.6618,0
190,276.6,0,3.6618,0
190,276.7,0,3.6618,0
190,276.8,0,3.6618,0
190,276.9,0,3.6618,0
190,277,0,3.6618,0
190,277.1,0,3.6618,0
190,277.2,0,3.6618,0
190,277.3,0,3.6618,0
190,277.4,0,3.6618,0
190,277.5,0,3.6618,0
190,277.6,0,3.6618,0
190,277.7,0,3.6618,0
190,277.8,0,3.6618,0
190,277.9,0,3.6618,0
190,278,0,3.6618,0
190,278.1,0,3.6618,0
190,278.2,0,3.6618,0
190,278.3,0,3.6618,0
190,278.4,0,3.6618,0
190,278.5,0,3.6618,0
190,278.6,0,3.6618,0
190,278.7,0,3.6618,0
190,278.8,0,3.6618,0
190,278.9,0,3.6618,0
190,279,0,3.6618,0
190,279.1,0,3.6618,0
190,279.2,0,3.6618,0
190,279.3,0,3.6618,0
190,279.4,0,3.6618,0
190,279.5,0,3.6618,0
190,279.6,0,3.6618,0
190,279.7,0,3.6618,0
190,279.8,0,3.6618,0
190,279.9,0,3.6618,0
190,280,0,3.6618,0
190,280.1,0,3.6618,0
190,280.2,0,3.6618,0
190,280.3,0,3.6618,0
190,280.4,0,3.6618,0
190,280.5,0,3.6618,0
190,280.6,0,3.6618,0
190,280.7,0,3.6618,0
190,280.8,0,3.6619,0
190,280.9,0,3.6618,0
190,281,0,3.6618,0
190,281.1,0,3.6618,0
190,281.2,0,3.6618,0
190,281.3,0,3.6618,0
190,281.4,0,3.6618,0
190,281.5,0,3.6618,0
190,281.6,0,3.6618,0
190,281.7,0,3.6618,0
190,281.8,0,3.6618,0
190,281.9,0,3.6618,0
190,282,0,3.6618,0
190,282.1,0,3.6618,0
190,282.2,0,3.6618,0
190,282.3,0,3.6618,0
190,282.4,0,3.6618,0
190,282.5,0,3.6618,0
190,282.6,0,3.6618,0
190,282.7,0,3.6618,0
190,282.8,0,3.6618,0
190,282.9,0,3.6618,0
190,283,0,3.6618,0
190,283.1,0,3.6618,0
190,283.2,0,3.6618,0
190,283.3,0,3.6618,0
190,283.4,0,3.6618,0
190,283.5,0,3.6618,0
190,283.6,0,3.6618,0
190,283.7,0,3.6618,0
190,283.8,0,3.6618,0
190,283.9,0,3.6618,0
190,284,0,3.6618,0
190,284.1,0,3.6618,0
190,284.2,0,3.6618,0
190,284.3,0,3.6618,0
190,284.4,0,3.6618,0
190,284.5,0,3.6618,0
190,284.6,0,3.6618,0
190,284.7,0,3.6618,0
190,284.8,0,3.6618,0
190,284.9,0,3.6618,0
190,285,0,3.6618,0
190,285.1,0,3.6618,0
190,285.2,0,3.6618,0
190,285.3,0,3.6618,0
190,285.4,0,3.6618,0
190,285.5,0,3.6618,0
190,285.6,0,3.6618,0
190,285.7,0,3.6618,0
190,285.8,0,3.6618,0
190,285.9,0,3.6618,0
190,286,0,3.6618,0
190,286.1,0,3.6618,0
190,286.2,0,3.6618,0
190,286.3,0,3.6618,0
190,286.4,0,3.6618,0
190,286.5,0,3.6618,0
190,286.6,0,3.6618,0
190,286.7,0,3.6618,0
190,286.8,0,3.6618,0
190,286.9,0,3.6618,0
190,287,0,3.6618,0
190,287.1,0,3.6618,0
190,287.2,0,3.6618,0
190,287.3,0,3.6618,0
190,287.4,0,3.6618,0
190,287.5,0,3.6618,0
190,287.6,0,3.6619,0
190,287.7,0,3.6619,0
190,287.8,0,3.6619,0
190,287.9,0,3.6618,0
190,288,0,3.6618,0
190,288.1,0,3.6619,0
190,288.2,0,3.6618,0
190,288.3,0,3.6618,0
190,288.4,0,3.6618,0
190,288.5,0,3.6618,0
190,288.6,0,3.6618,0
190,288.7,0,3.6618,0
190,288.8,0,3.6618,0
190,288.9,0,3.6618,0
190,289,0,3.6618,0
190,289.1,0,3.6619,0
190,289.2,0,3.6619,0
190,289.3,0,3.6619,0
190,289.4,0,3.6619,0
190,289.5,0,3.6619,0
190,289.6,0,3.6618,0
190,289.7,0,3.6618,0
190,289.8,0,3.6618,0
190,289.9,0,3.6618,0
190,290,0,3.6618,0
190,290.1,0,3.6618,0
190,290.2,0,3.6618,0
190,290.3,0,3.6618,0
190,290.4,0,3.6619,0
190,290.5,0,3.6619,0
190,290.6,0,3.6618,0
190,290.7,0,3.6618,0
190,290.8,0,3.6618,0
190,290.9,0,3.6619,0
190,291,0,3.6619,0
190,291.1,0,3.6618,0
190,291.2,0,3.6618,0
190,291.3,0,3.6618,0
190,291.4,0,3.6618,0
190,291.5,0,3.6618,0
190,291.6,0,3.6618,0
190,291.7,0,3.6618,0
190,291.8,0,3.6618,0
190,291.9,0,3.6618,0
190,292,0,3.6618,0
190,292.1,0,3.6618,0
190,292.2,0,3.6618,0
190,292.3,0,3.6618,0
190,292.4,0,3.6618,0
190,292.5,0,3.6618,0
190,292.6,0,3.6619,0
190,292.7,0,3.6618,0
190,292.8,0,3.6618,0
190,292.9,0,3.6618,0
190,293,0,3.6618,0
190,293.1,0,3.6618,0
190,293.2,0,3.6618,0
190,293.3,0,3.6618,0
190,293.4,0,3.6618,0
190,293.5,0,3.6618,0
190,293.6,0,3.6618,0
190,293.7,0,3.6618,0
190,293.8,0,3.6619,0
190,293.9,0,3.6619,0
190,294,0,3.6618,0
190,294.1,0,3.6619,0
190,294.2,0,3.6619,0
190,294.3,0,3.6618,0
190,294.4,0,3.6618,0
190,294.5,0,3.6618,0
190,294.6,0,3.6618,0
190,294.7,0,3.6618,0
190,294.8,0,3.6618,0
190,294.9,0,3.6618,0
190,295,0,3.6618,0
190,295.1,0,3.6618,0
190,295.2,0,3.6618,0
190,295.3,0,3.6618,0
190,295.4,0,3.6618,0
190,295.5,0,3.6618,0
190,295.6,0,3.6617,0
190,295.7,0,3.6618,0
190,295.8,0,3.6618,0
190,295.9,0,3.6618,0
190,296,0,3.6618,0
190,296.1,0,3.6618,0
190,296.2,0,3.6618,0
190,296.3,0,3.6618,0
190,296.4,0,3.6618,0
190,296.5,0,3.6618,0
190,296.6,0,3.6617,0
190,296.7,0,3.6617,0
190,296.8,0,3.6617,0
190,296.9,0,3.6617,0
190,297,0,3.6617,0
190,297.1,0,3.6617,0
190,297.2,0,3.6617,0
190,297.3,0,3.6617,0
190,297.4,0,3.6617,0
190,297.5,0,3.6617,0
190,297.6,0,3.6617,0
190,297.7,0,3.6617,0
190,297.8,0,3.6618,0
190,297.9,0,3.6618,0
190,298,0,3.6618,0
190,298.1,0,3.6617,0
190,298.2,0,3.6618,0
190,298.3,0,3.6618,0
190,298.4,0,3.6618,0
190,298.5,0,3.6618,0
190,298.6,0,3.6617,0
190,298.7,0,3.6617,0
190,298.8,0,3.6617,0
190,298.9,0,3.6617,0
190,299,0,3.6617,0
190,299.1,0,3.6617,0
190,299.2,0,3.6617,0
190,299.3,0,3.6617,0
190,299.4,0,3.6617,0
190,299.5,0,3.6617,0
190,299.6,0,3.6617,0
190,299.7,0,3.6617,0
190,299.8,0,3.6617,0
190,299.9,0,3.6618,0
190,300,0,3.6617,0
190,300.1,0,3.6618,0
190,300.2,0,3.6618,0
190,300.3,0,3.6618,0
190,300.4,0,3.6618,0
190,300.5,0,3.6618,0
190,300.6,0,3.6617,0
190,300.7,0,3.6617,0
190,300.8,0,3.6617,0
190,300.9,0,3.6618,0
190,301,0,3.6618,0
190,301.1,0,3.6618,0
190,301.2,0,3.6617,0
190,301.3,0,3.6618,0
190,301.4,0,3.6618,0
190,301.5,0,3.6617,0
190,301.6,0,3.6617,0
190,301.7,0,3.6618,0
190,301.8,0,3.6617,0
190,301.9,0,3.6617,0
190,302,0,3.6617,0
190,302.1,0,3.6617,0
190,302.2,0,3.6618,0
190,302.3,0,3.6617,0
190,302.4,0,3.6617,0
190,302.5,0,3.6618,0
190,302.6,0,3.6618,0
190,302.7,0,3.6617,0
190,302.8,0,3.6617,0
190,302.9,0,3.6617,0
190,303,0,3.6618,0
190,303.1,0,3.6617,0
190,303.2,0,3.6617,0
190,303.3,0,3.6618,0
190,303.4,0,3.6618,0
190,303.5,0,3.6617,0
190,303.6,0,3.6617,0
190,303.7,0,3.6617,0
190,303.8,0,3.6617,0
190,303.9,0,3.6617,0
190,304,0,3.6618,0
190,304.1,0,3.6618,0
190,304.2,0,3.6617,0
190,304.3,0,3.6617,0
190,304.4,0,3.6617,0
190,304.5,0,3.6618,0
190,304.6,0,3.6618,0
190,304.7,0,3.6618,0
190,304.8,0,3.6618,0
190,304.9,0,3.6618,0
190,305,0,3.6618,0
190,305.1,0,3.6618,0
190,305.2,0,3.6618,0
190,305.3,0,3.6618,0
190,305.4,0,3.6618,0
190,305.5,0,3.6618,0
190,305.6,0,3.6618,0
190,305.7,0,3.6618,0
190,305.8,0,3.6618,0
190,305.9,0,3.6618,0
190,306,0,3.6618,0
190,306.1,0,3.6618,0
190,306.2,0,3.6618,0
190,306.3,0,3.6618,0
190,306.4,0,3.6618,0
190,306.5,0,3.6618,0
190,306.6,0,3.6618,0
190,306.7,0,3.6618,0
190,306.8,0,3.6618,0
190,306.9,0,3.6618,0
190,307,0,3.6618,0
190,307.1,0,3.6618,0
190,307.2,0,3.6618,0
190,307.3,0,3.6618,0
190,307.4,0,3.6618,0
190,307.5,0,3.6618,0
190,307.6,0,3.6618,0
190,307.7,0,3.6618,0
190,307.8,0,3.6618,0
190,307.9,0,3.6618,0
190,308,0,3.6618,0
190,308.1,0,3.6618,0
190,308.2,0,3.6618,0
190,308.3,0,3.6618,0
190,308.4,0,3.6618,0
190,308.5,0,3.6618,0
190,308.6,0,3.6618,0
190,308.7,0,3.6618,0
190,308.8,0,3.6618,0
190,308.9,0,3.6618,0
190,309,0,3.6618,0
190,309.1,0,3.6618,0
190,309.2,0,3.6618,0
190,309.3,0,3.6618,0
190,309.4,0,3.6618,0
190,309.5,0,3.6618,0
190,309.6,0,3.6618,0
190,309.7,0,3.6618,0
190,309.8,0,3.6618,0
190,309.9,0,3.6618,0
190,310,0,3.6618,0
190,310.1,0,3.6618,0
190,310.2,0,3.6618,0
190,310.3,0,3.6618,0
190,310.4,0,3.6618,0
190,310.5,0,3.6618,0
190,310.6,0,3.6618,0
190,310.7,0,3.6618,0
190,310.8,0,3.6618,0
190,310.9,0,3.6617,0
190,311,0,3.6617,0
190,311.1,0,3.6618,0
190,311.2,0,3.6618,0
190,311.3,0,3.6617,0
190,311.4,0,3.6617,0
190,311.5,0,3.6617,0
190,311.6,0,3.6618,0
190,311.7,0,3.6618,0
190,311.8,0,3.6618,0
190,311.9,0,3.6618,0
190,312,0,3.6618,0
190,312.1,0,3.6618,0
190,312.2,0,3.6618,0
190,312.3,0,3.6618,0
190,312.4,0,3.6618,0
190,312.5,0,3.6618,0
190,312.6,0,3.6619,0
190,312.7,0,3.6619,0
190,312.8,0,3.6619,0
190,312.9,0,3.6618,0
190,313,0,3.6618,0
190,313.1,0,3.6618,0
190,313.2,0,3.6619,0
190,313.3,0,3.6619,0
190,313.4,0,3.6618,0
190,313.5,0,3.6618,0
190,313.6,0,3.6618,0
190,313.7,0,3.6618,0
190,313.8,0,3.6618,0
190,313.9,0,3.6618,0
190,314,0,3.6619,0
190,314.1,0,3.6619,0
190,314.2,0,3.6618,0
190,314.3,0,3.6618,0
190,314.4,0,3.6618,0
190,314.5,0,3.6618,0
190,314.6,0,3.6618,0
190,314.7,0,3.6618,0
190,314.8,0,3.6618,0
190,314.9,0,3.6618,0
190,315,0,3.6618,0
190,315.1,0,3.6618,0
190,315.2,0,3.6618,0
190,315.3,0,3.6618,0
190,315.4,0,3.6618,0
190,315.5,0,3.6619,0
190,315.6,0,3.6619,0
190,315.7,0,3.6619,0
190,315.8,0,3.6618,0
190,315.9,0,3.6618,0
190,316,0,3.6619,0
190,316.1,0,3.6618,0
190,316.2,0,3.6618,0
190,316.3,0,3.6618,0
190,316.4,0,3.6618,0
190,316.5,0,3.6618,0
190,316.6,0,3.6618,0
190,316.7,0,3.6618,0
190,316.8,0,3.6618,0
190,316.9,0,3.6618,0
190,317,0,3.6618,0
190,317.1,0,3.6618,0
190,317.2,0,3.6618,0
190,317.3,0,3.6618,0
190,317.4,0,3.6618,0
190,317.5,0,3.6618,0
190,317.6,0,3.6618,0
190,317.7,0,3.6618,0
190,317.8,0,3.6618,0
190,317.9,0,3.6618,0
190,318,0,3.6618,0
191,318.001,0,3.6618,0
191,328,0,3.6619,0
191,338,0,3.6618,0
191,348,0,3.6619,0
191,358,0,3.662,0
191,368,0,3.662,0
191,378,0,3.662,0
191,388,0,3.6621,0
191,398,0,3.662,0
191,408,0,3.662,0
191,418,0,3.6621,0
191,428,0,3.662,0
191,438,0,3.662,0
191,448,0,3.662,0
191,458,0,3.6621,0
191,468,0,3.662,0
191,478,0,3.6621,0
191,488,0,3.6621,0
191,498,0,3.6621,0
191,508,0,3.6621,0
191,518,0,3.6621,0
191,528,0,3.6622,0
191,538,0,3.6622,0
191,548,0,3.6621,0
191,558,0,3.6621,0
191,568,0,3.6622,0
191,578,0,3.6621,0
191,588,0,3.6621,0
191,598,0,3.6622,0
191,608,0,3.6622,0
191,618,0,3.6622,0
191,628,0,3.6622,0
191,638,0,3.6622,0
191,648,0,3.6622,0
191,658,0,3.6621,0
191,668,0,3.6622,0
191,678,0,3.6622,0
191,688,0,3.6622,0
191,698,0,3.6622,0
191,708,0,3.6622,0
191,718,0,3.6621,0
191,728,0,3.6622,0
191,738,0,3.6622,0
191,748,0,3.6622,0
191,758,0,3.6622,0
191,768,0,3.6622,0
191,778,0,3.6622,0
191,788,0,3.6622,0
191,798,0,3.6622,0
191,808,0,3.6622,0
191,818,0,3.6623,0
191,828,0,3.6622,0
191,838,0,3.6623,0
191,848,0,3.6623,0
191,858,0,3.6622,0
191,868,0,3.6623,0
191,878,0,3.6623,0
191,888,0,3.6624,0
191,898,0,3.6623,0
191,908,0,3.6623,0
191,918,0,3.6622,0
191,928,0,3.6623,0
191,938,0,3.6622,0
191,948,0,3.6623,0
191,958,0,3.6622,0
191,968,0,3.6623,0
191,978,0,3.6623,0
191,988,0,3.6623,0
191,998,0,3.6623,0
191,1008,0,3.6623,0
191,1018,0,3.6624,0
191,1028,0,3.6623,0
191,1038,0,3.6622,0
191,1048,0,3.6623,0
191,1058,0,3.6623,0
191,1068,0,3.6622,0
191,1078,0,3.6622,0
191,1088,0,3.6623,0
191,1098,0,3.6622,0
191,1108,0,3.6622,0
191,1118,0,3.6623,0
191,1128,0,3.6623,0
191,1138,0,3.6624,0
191,1148,0,3.6623,0
191,1158,0,3.6623,0
191,1168,0,3.6624,0
191,1178,0,3.6623,0
191,1188,0,3.6623,0
191,1198,0,3.6624,0
191,1208,0,3.6624,0
191,1218,0,3.6623,0
191,1228,0,3.6623,0
191,1238,0,3.6622,0
191,1248,0,3.6623,0
191,1258,0,3.6623,0
191,1268,0,3.6623,0
191,1278,0,3.6623,0
191,1288,0,3.6624,0
191,1298,0,3.6623,0
191,1308,0,3.6624,0
191,1318,0,3.6623,0
191,1328,0,3.6623,0
191,1338,0,3.6623,0
191,1348,0,3.6623,0
191,1358,0,3.6623,0
191,1368,0,3.6622,0
191,1378,0,3.6623,0
191,1388,0,3.6623,0
191,1398,0,3.6623,0
191,1408,0,3.6622,0
191,1418,0,3.6624,0
191,1428,0,3.6624,0
191,1438,0,3.6624,0
191,1448,0,3.6624,0
191,1458,0,3.6623,0
191,1468,0,3.6624,0
191,1478,0,3.6623,0
191,1488,0,3.6623,0
191,1498,0,3.6624,0
191,1508,0,3.6623,0
191,1518,0,3.6623,0
191,1528,0,3.6623,0
191,1538,0,3.6623,0
191,1548,0,3.6623,0
191,1558,0,3.6623,0
191,1568,0,3.6624,0
191,1578,0,3.6624,0
191,1588,0,3.6624,0
191,1598,0,3.6623,0
191,1608,0,3.6623,0
191,1618,0,3.6623,0
191,1628,0,3.6623,0
191,1638,0,3.6623,0
191,1648,0,3.6624,0
191,1658,0,3.6624,0
191,1668,0,3.6623,0
191,1678,0,3.6625,0
191,1688,0,3.6624,0
191,1698,0,3.6623,0
191,1708,0,3.6623,0
191,1718,0,3.6623,0
191,1728,0,3.6623,0
191,1738,0,3.6624,0
191,1748,0,3.6623,0
191,1758,0,3.6623,0
191,1768,0,3.6624,0
191,1778,0,3.6623,0
191,1788,0,3.6623,0
191,1798,0,3.6624,0
191,1808,0,3.6623,0
191,1818,0,3.6623,0
191,1828,0,3.6624,0
191,1838,0,3.6623,0
191,1848,0,3.6624,0
191,1858,0,3.6623,0
191,1868,0,3.6623,0
191,1878,0,3.6623,0
191,1888,0,3.6624,0
191,1898,0,3.6624,0
191,1908,0,3.6623,0
191,1918,0,3.6623,0
191,1928,0,3.6624,0
191,1938,0,3.6624,0
191,1948,0,3.6624,0
191,1958,0,3.6624,0
191,1968,0,3.6624,0
191,1978,0,3.6623,0
191,1988,0,3.6623,0
191,1998,0,3.6623,0
191,2008,0,3.6623,0
191,2018,0,3.6623,0
191,2028,0,3.6624,0
191,2038,0,3.6624,0
191,2048,0,3.6624,0
191,2058,0,3.6624,0
191,2068,0,3.6623,0
191,2078,0,3.6623,0
191,2088,0,3.6623,0
191,2098,0,3.6623,0
191,2108,0,3.6624,0
191,2118,0,3.6623,0
191,2128,0,3.6623,0
191,2138,0,3.6624,0
191,2148,0,3.6624,0
191,2158,0,3.6624,0
191,2168,0,3.6624,0
191,2178,0,3.6624,0
191,2188,0,3.6624,0
191,2198,0,3.6623,0
191,2208,0,3.6623,0
191,2218,0,3.6624,0
191,2228,0,3.6623,0
191,2238,0,3.6623,0
191,2248,0,3.6624,0
191,2258,0,3.6624,0
191,2268,0,3.6624,0
191,2278,0,3.6624,0
191,2288,0,3.6624,0
191,2298,0,3.6623,0
191,2308,0,3.6624,0
191,2318,0,3.6623,0
191,2328,0,3.6624,0
191,2338,0,3.6624,0
191,2348,0,3.6623,0
191,2358,0,3.6624,0
191,2368,0,3.6624,0
191,2378,0,3.6624,0
191,2388,0,3.6624,0
191,2398,0,3.6624,0
191,2408,0,3.6624,0
191,2418,0,3.6624,0
191,2428,0,3.6624,0
191,2438,0,3.6624,0
191,2448,0,3.6624,0
191,2458,0,3.6624,0
191,2468,0,3.6624,0
191,2478,0,3.6624,0
191,2488,0,3.6624,0
191,2498,0,3.6624,0
191,2508,0,3.6624,0
191,2518,0,3.6624,0
191,2528,0,3.6624,0
191,2538,0,3.6623,0
191,2548,0,3.6624,0
191,2558,0,3.6624,0
191,2568,0,3.6624,0
191,2578,0,3.6623,0
191,2588,0,3.6624,0
191,2598,0,3.6623,0
191,2608,0,3.6624,0
191,2618,0,3.6624,0
191,2628,0,3.6624,0
191,2638,0,3.6623,0
191,2648,0,3.6624,0
191,2658,0,3.6625,0
191,2668,0,3.6623,0
191,2678,0,3.6624,0
191,2688,0,3.6623,0
191,2698,0,3.6623,0
191,2708,0,3.6625,0
191,2718,0,3.6625,0
191,2728,0,3.6624,0
191,2738,0,3.6623,0
191,2748,0,3.6624,0
191,2758,0,3.6623,0
191,2768,0,3.6623,0
191,2778,0,3.6623,0
191,2788,0,3.6624,0
191,2798,0,3.6624,0
191,2808,0,3.6624,0
191,2818,0,3.6623,0
191,2828,0,3.6623,0
191,2838,0,3.6623,0
191,2848,0,3.6624,0
191,2858,0,3.6624,0
191,2868,0,3.6623,0
191,2878,0,3.6624,0
191,2888,0,3.6624,0
191,2898,0,3.6624,0
191,2908,0,3.6624,0
191,2918,0,3.6624,0
191,2928,0,3.6624,0
191,2938,0,3.6624,0
191,2948,0,3.6623,0
191,2958,0,3.6624,0
191,2968,0,3.6623,0
191,2978,0,3.6623,0
191,2988,0,3.6623,0
191,2998,0,3.6624,0
191,3008,0,3.6624,0
191,3018,0,3.6623,0
191,3028,0,3.6624,0
191,3038,0,3.6623,0
191,3048,0,3.6624,0
191,3058,0,3.6624,0
191,3068,0,3.6624,0
191,3078,0,3.6624,0
191,3088,0,3.6624,0
191,3098,0,3.6624,0
191,3108,0,3.6624,0
191,3118,0,3.6624,0
191,3128,0,3.6624,0
191,3138,0,3.6624,0
191,3148,0,3.6623,0
191,3158,0,3.6624,0
191,3168,0,3.6623,0
191,3178,0,3.6623,0
191,3188,0,3.6623,0
191,3198,0,3.6624,0
191,3208,0,3.6624,0
191,3218,0,3.6624,0
191,3228,0,3.6624,0
191,3238,0,3.6623,0
191,3248,0,3.6623,0
191,3258,0,3.6623,0
191,3268,0,3.6624,0
191,3278,0,3.6623,0
191,3288,0,3.6624,0
191,3298,0,3.6623,0
191,3308,0,3.6623,0
191,3318,0,3.6624,0
191,3328,0,3.6624,0
191,3338,0,3.6624,0
191,3348,0,3.6624,0
191,3358,0,3.6624,0
191,3368,0,3.6623,0
191,3378,0,3.6623,0
191,3388,0,3.6624,0
191,3398,0,3.6624,0
191,3408,0,3.6624,0
191,3418,0,3.6624,0
191,3428,0,3.6623,0
191,3438,0,3.6624,0
191,3448,0,3.6623,0
191,3458,0,3.6625,0
191,3468,0,3.6624,0
191,3478,0,3.6624,0
191,3488,0,3.6624,0
191,3498,0,3.6624,0
191,3508,0,3.6625,0
191,3518,0,3.6624,0
191,3528,0,3.6624,0
191,3538,0,3.6623,0
191,3548,0,3.6624,0
191,3558,0,3.6624,0
191,3568,0,3.6625,0
191,3578,0,3.6625,0
191,3588,0,3.6625,0
191,3598,0,3.6624,0
191,3608,0,3.6623,0
191,3618,0,3.6623,0
191,3628,0,3.6624,0
191,3638,0,3.6623,0
191,3648,0,3.6624,0
191,3658,0,3.6623,0
191,3668,0,3.6624,0
191,3678,0,3.6624,0
191,3688,0,3.6624,0
191,3698,0,3.6623,0
191,3708,0,3.6625,0
191,3718,0,3.6625,0
191,3728,0,3.6623,0
191,3738,0,3.6623,0
191,3748,0,3.6623,0
191,3758,0,3.6624,0
191,3768,0,3.6624,0
191,3778,0,3.6623,0
191,3788,0,3.6624,0
191,3798,0,3.6623,0
191,3808,0,3.6625,0
191,3818,0,3.6625,0
191,3828,0,3.6624,0
191,3838,0,3.6624,0
191,3848,0,3.6623,0
191,3858,0,3.6623,0
191,3868,0,3.6625,0
191,3878,0,3.6624,0
191,3888,0,3.6624,0
191,3898,0,3.6624,0
191,3908,0,3.6624,0
191,3918,0,3.6625,0
191,3928,0,3.6624,0
191,3938,0,3.6624,0
191,3948,0,3.6624,0
191,3958,0,3.6624,0
191,3968,0,3.6624,0
191,3978,0,3.6624,0
191,3988,0,3.6624,0
191,3998,0,3.6623,0
191,4008,0,3.6624,0
191,4018,0,3.6624,0
191,4028,0,3.6624,0
191,4038,0,3.6624,0
191,4048,0,3.6624,0
191,4058,0,3.6624,0
191,4068,0,3.6624,0
191,4078,0,3.6624,0
191,4088,0,3.6625,0
191,4098,0,3.6624,0
191,4108,0,3.6624,0
191,4118,0,3.6623,0
191,4128,0,3.6625,0
191,4138,0,3.6624,0
191,4148,0,3.6623,0
191,4158,0,3.6624,0
191,4168,0,3.6624,0
191,4178,0,3.6624,0
191,4188,0,3.6624,0
191,4198,0,3.6624,0
191,4208,0,3.6625,0
191,4218,0,3.6624,0
191,4228,0,3.6625,0
191,4238,0,3.6625,0
191,4248,0,3.6624,0
191,4258,0,3.6623,0
191,4268,0,3.6624,0
191,4278,0,3.6624,0
191,4288,0,3.6625,0
191,4298,0,3.6624,0
191,4308,0,3.6624,0
191,4318,0,3.6625,0
191,4328,0,3.6625,0
191,4338,0,3.6624,0
191,4348,0,3.6623,0
191,4358,0,3.6624,0
191,4368,0,3.6624,0
191,4378,0,3.6624,0
191,4388,0,3.6625,0
191,4398,0,3.6624,0
191,4408,0,3.6624,0
191,4418,0,3.6625,0
191,4428,0,3.6624,0
191,4438,0,3.6624,0
191,4448,0,3.6624,0
191,4458,0,3.6624,0
191,4468,0,3.6623,0
191,4478,0,3.6624,0
191,4488,0,3.6623,0
191,4498,0,3.6624,0
191,4508,0,3.6624,0
191,4518,0,3.6624,0
191,4528,0,3.6624,0
191,4538,0,3.6623,0
191,4548,0,3.6625,0
191,4558,0,3.6625,0
191,4568,0,3.6624,0
191,4578,0,3.6625,0
191,4588,0,3.6624,0
191,4598,0,3.6624,0
191,4608,0,3.6624,0
191,4618,0,3.6624,0
191,4628,0,3.6624,0
191,4638,0,3.6624,0
191,4648,0,3.6624,0
191,4658,0,3.6624,0
191,4668,0,3.6623,0
191,4678,0,3.6625,0
191,4688,0,3.6624,0
191,4698,0,3.6624,0
191,4708,0,3.6625,0
191,4718,0,3.6624,0
191,4728,0,3.6624,0
191,4738,0,3.6623,0
191,4748,0,3.6624,0
191,4758,0,3.6625,0
191,4768,0,3.6625,0
191,4778,0,3.6624,0
191,4788,0,3.6624,0
191,4798,0,3.6624,0
191,4808,0,3.6625,0
191,4818,0,3.6625,0
191,4828,0,3.6624,0
191,4838,0,3.6623,0
191,4848,0,3.6624,0
191,4858,0,3.6624,0
191,4868,0,3.6624,0
191,4878,0,3.6624,0
191,4888,0,3.6624,0
191,4898,0,3.6624,0
191,4908,0,3.6625,0
191,4918,0,3.6625,0
191,4928,0,3.6624,0
191,4938,0,3.6624,0
191,4948,0,3.6625,0
191,4958,0,3.6625,0
191,4968,0,3.6624,0
191,4978,0,3.6625,0
191,4988,0,3.6624,0
191,4998,0,3.6624,0
191,5008,0,3.6625,0
191,5018,0,3.6624,0
191,5028,0,3.6624,0
191,5038,0,3.6624,0
191,5048,0,3.6624,0
191,5058,0,3.6624,0
191,5068,0,3.6624,0
191,5078,0,3.6625,0
191,5088,0,3.6625,0
191,5098,0,3.6625,0
191,5108,0,3.6624,0
191,5118,0,3.6624,0
191,5128,0,3.6624,0
191,5138,0,3.6624,0
191,5148,0,3.6625,0
191,5158,0,3.6625,0
191,5168,0,3.6625,0
191,5178,0,3.6625,0
191,5188,0,3.6625,0
191,5198,0,3.6624,0
191,5208,0,3.6624,0
191,5218,0,3.6624,0
191,5228,0,3.6623,0
191,5238,0,3.6623,0
191,5248,0,3.6625,0
191,5258,0,3.6624,0
191,5268,0,3.6624,0
191,5278,0,3.6625,0
191,5288,0,3.6625,0
191,5298,0,3.6625,0
191,5308,0,3.6624,0
191,5318,0,3.6624,0
191,5328,0,3.6624,0
191,5338,0,3.6624,0
191,5348,0,3.6624,0
191,5358,0,3.6625,0
191,5368,0,3.6625,0
191,5378,0,3.6625,0
191,5388,0,3.6624,0
191,5398,0,3.6624,0
191,5408,0,3.6625,0
191,5418,0,3.6625,0
191,5428,0,3.6624,0
191,5438,0,3.6624,0
191,5448,0,3.6624,0
191,5458,0,3.6624,0
191,5468,0,3.6624,0
191,5478,0,3.6623,0
191,5488,0,3.6624,0
191,5498,0,3.6624,0
191,5508,0,3.6625,0
191,5518,0,3.6624,0
191,5528,0,3.6624,0
191,5538,0,3.6624,0
191,5548,0,3.6624,0
191,5558,0,3.6625,0
191,5568,0,3.6625,0
191,5578,0,3.6624,0
191,5588,0,3.6624,0
191,5598,0,3.6625,0
191,5608,0,3.6625,0
191,5618,0,3.6624,0
191,5628,0,3.6625,0
191,5638,0,3.6625,0
191,5648,0,3.6625,0
191,5658,0,3.6624,0
191,5668,0,3.6624,0
191,5678,0,3.6624,0
191,5688,0,3.6624,0
191,5698,0,3.6625,0
191,5708,0,3.6624,0
191,5718,0,3.6625,0
191,5728,0,3.6625,0
191,5738,0,3.6624,0
191,5748,0,3.6625,0
191,5758,0,3.6624,0
191,5768,0,3.6624,0
191,5778,0,3.6625,0
191,5788,0,3.6624,0
191,5798,0,3.6624,0
191,5808,0,3.6625,0
191,5818,0,3.6624,0
191,5828,0,3.6624,0
191,5838,0,3.6624,0
191,5848,0,3.6625,0
191,5858,0,3.6625,0
191,5868,0,3.6625,0
191,5878,0,3.6624,0
191,5888,0,3.6624,0
191,5898,0,3.6624,0
191,5908,0,3.6624,0
191,5918,0,3.6624,0
191,5928,0,3.6624,0
191,5938,0,3.6624,0
191,5948,0,3.6624,0
191,5958,0,3.6624,0
191,5968,0,3.6624,0
191,5978,0,3.6624,0
191,5988,0,3.6624,0
191,5998,0,3.6624,0
191,6008,0,3.6625,0
191,6018,0,3.6626,0
191,6028,0,3.6625,0
191,6038,0,3.6625,0
191,6048,0,3.6625,0
191,6058,0,3.6625,0
191,6068,0,3.6625,0
191,6078,0,3.6624,0
191,6088,0,3.6624,0
191,6098,0,3.6624,0
191,6108,0,3.6624,0
191,6118,0,3.6624,0
191,6128,0,3.6624,0
191,6138,0,3.6624,0
191,6148,0,3.6624,0
191,6158,0,3.6624,0
191,6168,0,3.6624,0
191,6178,0,3.6625,0
191,6188,0,3.6625,0
191,6198,0,3.6625,0
191,6208,0,3.6624,0
191,6218,0,3.6625,0
191,6228,0,3.6624,0
191,6238,0,3.6625,0
191,6248,0,3.6625,0
191,6258,0,3.6624,0
191,6268,0,3.6625,0
191,6278,0,3.6624,0
191,6288,0,3.6625,0
191,6298,0,3.6625,0
191,6308,0,3.6626,0
191,6318,0,3.6624,0
191,6328,0,3.6625,0
191,6338,0,3.6624,0
191,6348,0,3.6624,0
191,6358,0,3.6625,0
191,6368,0,3.6625,0
191,6378,0,3.6624,0
191,6388,0,3.6624,0
191,6398,0,3.6624,0
191,6408,0,3.6624,0
191,6418,0,3.6624,0
191,6428,0,3.6625,0
191,6438,0,3.6625,0
191,6448,0,3.6625,0
191,6458,0,3.6625,0
191,6468,0,3.6625,0
191,6478,0,3.6625,0
191,6488,0,3.6625,0
191,6498,0,3.6625,0
191,6508,0,3.6624,0
191,6518,0,3.6624,0
191,6528,0,3.6624,0
191,6538,0,3.6625,0
191,6548,0,3.6625,0
191,6558,0,3.6624,0
191,6568,0,3.6625,0
191,6578,0,3.6625,0
191,6588,0,3.6624,0
191,6598,0,3.6624,0
191,6608,0,3.6625,0
191,6618,0,3.6625,0
191,6628,0,3.6625,0
191,6638,0,3.6625,0
191,6648,0,3.6625,0
191,6658,0,3.6626,0
191,6668,0,3.6625,0
191,6678,0,3.6625,0
191,6688,0,3.6624,0
191,6698,0,3.6625,0
191,6708,0,3.6624,0
191,6718,0,3.6625,0
191,6728,0,3.6624,0
191,6738,0,3.6625,0
191,6748,0,3.6625,0
191,6758,0,3.6625,0
191,6768,0,3.6625,0
191,6778,0,3.6625,0
191,6788,0,3.6625,0
191,6798,0,3.6625,0
191,6808,0,3.6624,0
191,6818,0,3.6624,0
191,6828,0,3.6625,0
191,6838,0,3.6625,0
191,6848,0,3.6625,0
191,6858,0,3.6625,0
191,6868,0,3.6625,0
191,6878,0,3.6624,0
191,6888,0,3.6625,0
191,6898,0,3.6625,0
191,6908,0,3.6625,0
191,6918,0,3.6625,0
191,6928,0,3.6624,0
191,6938,0,3.6625,0
191,6948,0,3.6625,0
191,6958,0,3.6625,0
191,6968,0,3.6625,0
191,6978,0,3.6625,0
191,6988,0,3.6625,0
191,6998,0,3.6626,0
191,7008,0,3.6625,0
191,7018,0,3.6625,0
191,7028,0,3.6625,0
191,7038,0,3.6625,0
191,7048,0,3.6624,0
191,7058,0,3.6625,0
191,7068,0,3.6625,0
191,7078,0,3.6626,0
191,7088,0,3.6625,0
191,7098,0,3.6625,0
191,7108,0,3.6625,0
191,7118,0,3.6625,0
191,7128,0,3.6624,0
191,7138,0,3.6624,0
191,7148,0,3.6625,0
191,7158,0,3.6624,0
191,7168,0,3.6625,0
191,7178,0,3.6625,0
191,7188,0,3.6625,0
191,7198,0,3.6625,0
191,7208,0,3.6624,0
191,7218,0,3.6625,0
191,7228,0,3.6624,0
191,7238,0,3.6625,0
191,7248,0,3.6625,0
191,7258,0,3.6625,0
191,7268,0,3.6625,0
191,7278,0,3.6625,0
191,7288,0,3.6626,0
191,7298,0,3.6625,0
191,7308,0,3.6625,0
191,7318,0,3.6626,0
191,7328,0,3.6626,0
191,7338,0,3.6625,0
191,7348,0,3.6625,0
191,7358,0,3.6625,0
191,7368,0,3.6625,0
191,7378,0,3.6625,0
191,7388,0,3.6625,0
191,7398,0,3.6625,0
191,7408,0,3.6624,0
191,7418,0,3.6624,0
191,7428,0,3.6625,0
191,7438,0,3.6625,0
191,7448,0,3.6625,0
191,7458,0,3.6625,0
191,7468,0,3.6625,0
191,7478,0,3.6625,0
191,7488,0,3.6625,0
191,7498,0,3.6624,0
191,7508,0,3.6625,0
191,7518,0,3.6624,0
